date,temperature_2m_max,temperature_2m_min,temperature_2m_mean,apparent_temperature_max,apparent_temperature_min,precipitation_sum,rain_sum,snowfall_sum,precipitation_hours,relative_humidity_2m_mean,wind_speed_10m_max,wind_gusts_10m_max,shortwave_radiation_sum
2022-01-01,8.6,0.4,4.6,6.2,-3.3,0.0,0.0,0.0,0.0,81,10.3,16.9,3.61
2022-01-02,11.4,0.1,4.8,7.8,-3.3,0.0,0.0,0.0,0.0,76,9.7,23.8,12.49
2022-01-03,13.7,-1.1,5.4,12.0,-4.2,0.0,0.0,0.0,0.0,81,10.3,15.8,12.36
2022-01-04,12.3,1.3,7.5,8.8,-1.8,0.0,0.0,0.0,0.0,82,19.1,36.4,8.33
2022-01-05,12.9,6.4,9.8,11.9,3.0,6.5,6.5,0.0,8.0,85,19.1,36.7,3.38
2022-01-06,9.8,4.4,7.2,6.0,0.6,0.0,0.0,0.0,0.0,69,18.4,38.5,6.66
2022-01-07,10.2,1.2,6.1,7.5,-2.2,0.0,0.0,0.0,0.0,69,11.0,23.8,7.51
2022-01-08,10.2,2.0,6.6,7.3,-1.1,0.0,0.0,0.0,0.0,70,8.7,20.2,7.6
2022-01-09,6.6,4.1,5.4,4.4,1.3,5.0,5.0,0.0,14.0,83,7.9,16.6,3.51
2022-01-10,8.6,2.6,5.9,6.0,-0.2,1.2,1.2,0.0,5.0,80,15.7,29.2,3.44
2022-01-11,7.3,-0.8,3.9,1.9,-4.9,0.1,0.1,0.0,1.0,64,18.3,38.5,13.23
2022-01-12,7.6,-3.8,1.7,3.8,-8.1,0.0,0.0,0.0,0.0,71,9.0,23.4,13.26
2022-01-13,5.8,-1.5,2.4,0.5,-5.1,0.0,0.0,0.0,0.0,69,20.8,42.8,9.63
2022-01-14,6.6,-4.1,1.8,2.6,-8.1,0.8,0.8,0.0,6.0,75,10.0,24.5,10.16
2022-01-15,11.7,-1.2,5.0,8.6,-4.7,0.0,0.0,0.0,0.0,80,11.1,25.2,12.24
2022-01-16,13.0,3.7,7.6,9.9,0.9,0.0,0.0,0.0,0.0,70,14.1,26.6,12.01
2022-01-17,12.1,5.3,7.8,9.7,2.7,0.0,0.0,0.0,0.0,76,8.5,20.2,7.2
2022-01-18,11.6,3.5,6.9,8.9,0.6,0.0,0.0,0.0,0.0,77,12.6,24.1,12.73
2022-01-19,14.6,2.2,7.3,11.8,-0.7,0.0,0.0,0.0,0.0,82,14.4,30.6,12.68
2022-01-20,10.5,3.0,6.1,7.1,-1.3,0.0,0.0,0.0,0.0,73,15.0,31.3,8.17
2022-01-21,10.6,2.8,6.4,6.2,-1.3,0.1,0.1,0.0,1.0,66,20.2,40.3,11.16
2022-01-22,10.1,7.2,8.3,7.9,3.5,12.3,12.3,0.0,20.0,90,14.2,25.6,2.85
2022-01-23,12.2,8.4,9.8,10.0,5.8,12.7,12.7,0.0,22.0,95,16.6,31.7,2.11
2022-01-24,9.4,6.0,7.6,7.0,2.9,5.6,5.6,0.0,10.0,82,15.1,32.8,4.83
2022-01-25,8.9,4.3,6.2,6.2,1.9,3.7,3.7,0.0,12.0,80,8.4,20.2,4.29
2022-01-26,7.4,4.5,6.2,5.2,1.7,14.6,14.6,0.0,21.0,93,14.1,28.4,2.41
2022-01-27,7.8,4.8,6.7,4.8,1.2,7.8,7.8,0.0,21.0,90,17.8,36.0,2.26
2022-01-28,4.5,1.2,3.3,0.7,-2.5,12.2,9.9,1.61,24.0,93,14.6,29.2,2.53
2022-01-29,4.8,0.9,2.3,0.9,-2.8,11.7,5.6,4.27,23.0,92,16.5,32.0,3.72
2022-01-30,5.8,-2.0,2.2,1.3,-5.8,1.4,1.1,0.21,9.0,81,18.8,36.7,7.9
2022-01-31,8.5,-3.5,2.7,5.7,-7.5,0.0,0.0,0.0,0.0,74,8.4,17.6,13.36
2022-02-01,6.7,3.2,4.7,3.7,-0.4,0.6,0.6,0.0,5.0,65,12.2,26.3,4.38
2022-02-02,3.3,1.1,2.1,-0.6,-2.7,8.2,6.8,0.98,23.0,94,14.3,28.4,1.9
2022-02-03,4.8,1.0,2.8,1.6,-2.6,5.1,4.8,0.21,20.0,94,13.1,26.6,2.36
2022-02-04,8.3,0.2,3.6,4.4,-3.3,0.0,0.0,0.0,0.0,80,15.6,31.7,9.8
2022-02-05,7.8,-0.8,2.8,3.4,-4.7,0.0,0.0,0.0,0.0,72,15.4,33.1,13.08
2022-02-06,6.9,-3.2,2.4,3.5,-7.0,0.2,0.2,0.0,2.0,68,14.0,27.0,12.37
2022-02-07,4.9,1.5,3.5,2.2,-2.0,22.5,22.1,0.28,22.0,91,16.5,34.2,1.33
2022-02-08,8.1,2.0,4.8,5.2,-1.5,0.8,0.8,0.0,5.0,85,16.0,33.1,4.48
2022-02-09,4.8,1.9,3.6,2.3,-1.0,6.8,6.7,0.07,17.0,89,9.4,16.6,2.11
2022-02-10,7.7,3.2,5.1,4.8,0.9,0.3,0.3,0.0,3.0,84,9.4,21.6,6.29
2022-02-11,7.6,4.3,5.9,4.8,0.9,8.6,8.6,0.0,21.0,88,17.4,32.8,2.34
2022-02-12,8.9,5.2,6.8,7.0,1.9,3.1,3.1,0.0,9.0,87,13.0,23.4,3.77
2022-02-13,8.5,5.0,6.7,5.5,2.7,3.3,3.3,0.0,14.0,88,11.2,24.5,4.4
2022-02-14,11.4,1.0,6.3,8.1,-1.9,0.0,0.0,0.0,0.0,77,13.7,31.0,15.23
2022-02-15,8.5,2.0,5.2,5.9,-0.9,0.5,0.5,0.0,5.0,82,12.2,25.2,6.38
2022-02-16,9.4,1.6,5.3,6.2,-2.0,0.0,0.0,0.0,0.0,72,16.8,31.7,7.02
2022-02-17,4.3,1.1,2.7,-0.3,-2.8,8.5,5.0,2.45,19.0,80,20.5,40.3,3.76
2022-02-18,6.2,1.2,3.8,2.9,-2.5,6.1,6.1,0.0,21.0,93,14.4,27.4,2.61
2022-02-19,6.9,1.6,3.9,1.3,-2.8,1.8,1.8,0.0,7.0,77,22.6,47.2,7.75
2022-02-20,4.9,-1.4,1.8,-0.1,-6.4,0.0,0.0,0.0,0.0,51,16.5,36.4,14.19
2022-02-21,8.2,-3.8,2.8,5.8,-7.9,0.0,0.0,0.0,0.0,57,10.7,22.0,15.99
2022-02-22,6.7,-1.1,3.4,3.4,-4.5,3.5,2.6,0.63,8.0,74,9.0,15.8,4.26
2022-02-23,6.4,0.2,3.1,2.2,-4.0,7.1,1.9,3.64,8.0,76,15.0,32.8,8.36
2022-02-24,9.4,-3.9,2.5,6.2,-7.5,0.0,0.0,0.0,0.0,70,9.8,24.5,18.57
2022-02-25,11.2,-0.8,5.1,8.9,-4.4,0.0,0.0,0.0,0.0,75,15.8,29.5,18.75
2022-02-26,16.8,2.8,9.1,14.4,-0.2,0.0,0.0,0.0,0.0,73,11.9,27.4,17.96
2022-02-27,13.9,2.5,8.2,12.0,-0.5,0.0,0.0,0.0,0.0,73,18.2,33.5,18.75
2022-02-28,21.4,8.2,13.5,21.8,5.3,0.0,0.0,0.0,0.0,77,14.8,33.1,16.53
2022-03-01,19.3,7.9,14.1,17.4,5.5,4.6,4.6,0.0,11.0,77,20.0,36.7,14.56
2022-03-02,16.2,5.1,10.0,14.3,3.2,0.3,0.3,0.0,2.0,73,10.9,25.6,18.95
2022-03-03,19.1,6.4,12.1,19.3,4.2,0.0,0.0,0.0,0.0,75,12.9,23.8,18.54
2022-03-04,20.2,10.8,14.2,20.1,9.6,12.9,12.9,0.0,9.0,82,14.6,31.0,15.86
2022-03-05,18.0,6.1,12.2,16.3,2.4,0.0,0.0,0.0,0.0,67,15.4,31.7,19.4
2022-03-06,9.8,5.4,7.4,5.5,1.7,3.3,3.3,0.0,7.0,66,16.3,34.9,5.45
2022-03-07,12.9,3.3,7.3,10.7,0.2,5.5,5.5,0.0,11.0,77,10.3,25.2,14.88
2022-03-08,17.9,4.7,10.5,16.5,1.8,0.0,0.0,0.0,0.0,70,12.4,25.6,20.06
2022-03-09,18.9,6.2,12.3,18.0,3.1,0.0,0.0,0.0,0.0,63,18.4,33.5,20.2
2022-03-10,21.2,9.9,14.6,20.5,7.8,0.0,0.0,0.0,0.0,80,16.3,34.2,13.4
2022-03-11,25.4,12.8,17.5,26.8,11.6,0.0,0.0,0.0,0.0,76,11.6,23.0,18.9
2022-03-12,25.4,13.8,19.0,25.9,13.7,0.0,0.0,0.0,0.0,77,16.8,33.1,20.11
2022-03-13,26.1,17.0,20.6,28.2,16.6,3.3,3.3,0.0,4.0,75,17.0,31.3,14.89
2022-03-14,28.0,13.4,18.9,31.2,11.8,1.6,1.6,0.0,2.0,81,19.2,47.9,14.7
2022-03-15,18.9,9.1,14.2,18.2,7.6,0.0,0.0,0.0,0.0,73,13.8,31.3,20.03
2022-03-16,27.0,12.9,19.6,29.4,12.3,0.0,0.0,0.0,0.0,79,13.8,27.0,19.57
2022-03-17,21.4,9.4,17.4,24.1,4.6,29.5,29.5,0.0,17.0,89,27.0,54.0,3.82
2022-03-18,13.2,8.2,10.0,11.3,4.5,0.1,0.1,0.0,1.0,79,25.6,55.4,10.29
2022-03-19,14.4,7.0,10.9,12.7,3.5,0.8,0.8,0.0,4.0,76,17.4,35.6,6.61
2022-03-20,9.6,6.2,7.9,6.1,3.3,13.6,13.6,0.0,23.0,88,20.3,38.5,3.16
2022-03-21,9.9,7.5,8.6,6.4,4.1,37.2,37.2,0.0,24.0,92,23.5,52.2,2.82
2022-03-22,9.8,6.7,7.7,6.8,3.3,14.7,14.7,0.0,21.0,87,21.9,42.8,3.81
2022-03-23,14.4,5.9,9.4,12.2,3.3,0.1,0.1,0.0,1.0,75,11.6,23.0,14.37
2022-03-24,19.6,6.2,12.7,18.1,3.9,0.0,0.0,0.0,0.0,73,21.8,41.4,21.55
2022-03-25,22.4,14.1,17.5,22.4,12.0,31.5,31.5,0.0,18.0,87,19.2,43.9,6.86
2022-03-26,16.7,12.5,14.4,15.0,9.7,1.3,1.3,0.0,4.0,72,24.1,48.2,12.35
2022-03-27,16.1,10.4,13.2,14.1,7.8,0.2,0.2,0.0,2.0,72,15.5,31.0,6.48
2022-03-28,13.5,8.5,10.5,10.9,5.9,1.1,1.1,0.0,7.0,76,13.0,29.5,11.83
2022-03-29,18.4,7.7,12.7,17.8,5.1,0.0,0.0,0.0,0.0,74,17.8,33.1,22.06
2022-03-30,23.9,12.4,17.4,25.5,10.9,0.7,0.7,0.0,2.0,77,16.3,29.9,13.65
2022-03-31,13.7,8.9,11.5,12.0,6.1,13.2,13.2,0.0,13.0,86,19.5,39.2,3.98
2022-04-01,11.8,6.6,9.2,8.3,2.4,0.0,0.0,0.0,0.0,63,15.2,32.4,8.23
2022-04-02,14.6,3.5,8.8,12.7,0.7,0.0,0.0,0.0,0.0,71,10.3,25.9,20.52
2022-04-03,16.6,3.2,9.9,15.9,0.7,0.0,0.0,0.0,0.0,70,13.9,25.2,23.23
2022-04-04,16.6,4.4,11.1,15.3,1.5,0.0,0.0,0.0,0.0,71,16.3,30.2,22.39
2022-04-05,16.2,10.1,12.4,14.9,7.9,0.0,0.0,0.0,0.0,70,12.2,27.0,5.75
2022-04-06,24.0,8.9,15.6,25.5,7.0,0.0,0.0,0.0,0.0,71,12.2,27.0,22.23
2022-04-07,25.5,11.2,17.7,27.8,10.1,0.0,0.0,0.0,0.0,68,11.1,23.0,23.08
2022-04-08,26.9,13.2,19.2,26.4,11.9,0.0,0.0,0.0,0.0,58,13.3,23.8,23.36
2022-04-09,27.0,13.2,19.4,26.8,10.9,0.0,0.0,0.0,0.0,55,17.4,31.7,23.82
2022-04-10,26.7,15.1,20.4,27.9,14.9,0.2,0.2,0.0,1.0,73,14.5,30.6,16.29
2022-04-11,30.5,17.0,23.1,32.6,16.8,0.0,0.0,0.0,0.0,65,14.6,25.9,22.63
2022-04-12,31.5,19.0,24.5,34.2,20.3,0.0,0.0,0.0,0.0,68,19.2,38.5,20.69
2022-04-13,20.1,13.0,16.1,20.8,10.3,48.6,48.6,0.0,13.0,89,29.3,58.0,2.98
2022-04-14,17.5,11.9,14.7,15.1,8.4,2.9,2.9,0.0,6.0,85,29.3,55.4,8.76
2022-04-15,17.7,12.8,14.4,14.8,10.3,0.0,0.0,0.0,0.0,72,20.5,41.8,8.95
2022-04-16,16.9,10.6,13.3,14.5,8.1,0.0,0.0,0.0,0.0,56,12.3,28.4,14.91
2022-04-17,18.4,7.3,13.2,17.3,5.2,0.0,0.0,0.0,0.0,61,13.4,29.9,23.1
2022-04-18,20.0,12.1,15.3,19.9,11.1,0.0,0.0,0.0,0.0,66,10.2,24.5,12.79
2022-04-19,22.5,9.9,16.4,21.7,8.4,0.2,0.2,0.0,2.0,71,11.5,25.6,19.84
2022-04-20,24.2,12.4,18.3,24.6,11.6,0.2,0.2,0.0,1.0,67,16.5,30.2,22.97
2022-04-21,25.3,14.0,19.2,26.0,13.7,4.1,4.1,0.0,6.0,72,15.3,32.0,23.69
2022-04-22,27.7,15.9,21.5,29.5,16.0,5.0,5.0,0.0,6.0,75,11.3,24.8,16.77
2022-04-23,21.9,15.6,19.0,23.7,16.6,25.6,25.6,0.0,16.0,93,16.1,33.1,7.02
2022-04-24,24.1,13.4,18.2,26.2,13.8,0.0,0.0,0.0,0.0,88,16.8,31.7,19.05
2022-04-25,29.1,18.0,23.2,33.0,19.0,2.8,2.8,0.0,8.0,86,18.2,40.7,16.44
2022-04-26,24.0,17.6,21.5,26.3,18.2,34.1,34.1,0.0,16.0,88,16.6,33.5,8.56
2022-04-27,22.0,14.4,17.7,22.1,12.1,0.1,0.1,0.0,1.0,73,16.1,34.9,17.8
2022-04-28,21.1,13.9,17.3,21.5,12.1,17.0,17.0,0.0,10.0,80,17.3,32.8,16.36
2022-04-29,17.8,12.9,15.3,16.1,10.9,3.6,3.6,0.0,5.0,75,23.4,44.3,13.63
2022-04-30,17.0,12.4,14.6,15.7,11.0,0.4,0.4,0.0,2.0,74,12.6,25.6,8.19
2022-05-01,18.9,10.4,14.5,17.6,9.6,0.0,0.0,0.0,0.0,74,11.2,25.2,15.93
2022-05-02,22.8,11.0,17.2,23.0,10.2,0.0,0.0,0.0,0.0,67,9.7,23.4,24.57
2022-05-03,25.4,13.1,19.2,25.9,12.0,0.0,0.0,0.0,0.0,61,13.9,24.8,24.99
2022-05-04,25.4,14.5,19.3,25.5,12.4,0.0,0.0,0.0,0.0,53,15.3,29.9,25.86
2022-05-05,26.0,13.5,19.3,27.2,11.9,0.0,0.0,0.0,0.0,68,17.3,36.4,26.05
2022-05-06,28.6,16.1,21.5,30.8,16.7,0.0,0.0,0.0,0.0,75,15.0,27.0,25.65
2022-05-07,26.4,17.0,21.0,29.4,18.0,0.0,0.0,0.0,0.0,82,16.6,35.3,21.65
2022-05-08,23.5,17.0,19.7,24.9,15.9,0.0,0.0,0.0,0.0,74,14.0,31.3,19.8
2022-05-09,20.1,14.9,17.1,18.7,13.9,1.5,1.5,0.0,2.0,70,15.6,29.5,6.86
2022-05-10,21.8,15.6,18.1,21.9,15.0,4.3,4.3,0.0,8.0,83,15.6,33.5,10.38
2022-05-11,23.5,17.1,19.4,24.4,17.5,1.9,1.9,0.0,5.0,83,14.6,31.7,12.8
2022-05-12,21.0,17.0,18.7,22.6,18.3,10.0,10.0,0.0,19.0,91,10.6,20.9,6.45
2022-05-13,18.0,13.2,16.4,17.9,12.4,17.3,17.3,0.0,16.0,89,15.1,31.7,5.27
2022-05-14,23.5,11.5,16.6,24.3,10.5,2.3,2.3,0.0,5.0,72,14.7,33.1,21.91
2022-05-15,19.2,12.9,15.8,18.4,12.6,1.1,1.1,0.0,5.0,69,11.0,26.3,16.07
2022-05-16,23.9,13.9,18.3,24.7,12.3,0.0,0.0,0.0,0.0,62,10.9,24.5,23.68
2022-05-17,26.0,14.2,20.1,27.0,13.5,0.0,0.0,0.0,0.0,59,14.4,25.6,25.77
2022-05-18,25.0,14.7,20.1,23.9,13.2,0.0,0.0,0.0,0.0,49,15.0,27.4,19.91
2022-05-19,22.1,16.9,19.7,22.8,15.5,0.8,0.8,0.0,3.0,66,13.0,25.9,8.53
2022-05-20,20.5,17.2,18.9,22.9,19.2,5.9,5.9,0.0,18.0,91,9.0,19.8,4.98
2022-05-21,24.5,15.2,19.5,26.6,16.5,0.5,0.5,0.0,5.0,82,11.8,24.1,18.94
2022-05-22,26.6,16.3,21.4,28.8,17.4,0.0,0.0,0.0,0.0,72,15.3,31.0,22.99
2022-05-23,23.0,17.6,19.9,22.6,18.2,1.5,1.5,0.0,3.0,78,19.3,39.2,11.85
2022-05-24,24.8,17.2,20.6,26.9,17.4,1.2,1.2,0.0,8.0,81,16.4,34.6,17.02
2022-05-25,25.6,17.1,21.2,27.9,18.8,0.9,0.9,0.0,6.0,82,13.0,23.4,17.91
2022-05-26,24.2,18.4,20.3,26.3,20.2,2.3,2.3,0.0,4.0,85,10.0,23.0,13.4
2022-05-27,27.9,17.1,22.8,30.7,19.2,0.6,0.6,0.0,4.0,76,13.2,25.2,21.08
2022-05-28,24.8,20.0,21.8,25.6,21.4,3.7,3.7,0.0,9.0,80,16.0,33.8,9.3
2022-05-29,24.4,19.8,21.9,28.9,22.4,45.3,45.3,0.0,19.0,96,9.0,21.2,5.64
2022-05-30,28.6,21.5,24.5,33.7,23.6,2.5,2.5,0.0,8.0,86,12.8,29.5,16.99
2022-05-31,26.8,18.0,22.5,27.5,18.4,2.1,2.1,0.0,2.0,66,16.4,35.3,23.92
2022-06-01,30.1,20.6,24.0,35.0,22.5,4.7,4.7,0.0,10.0,89,12.2,25.9,14.71
2022-06-02,28.3,21.4,24.5,31.8,24.4,0.0,0.0,0.0,0.0,85,18.2,37.4,20.7
2022-06-03,28.5,20.9,24.1,32.1,23.3,0.3,0.3,0.0,3.0,86,18.6,38.5,15.1
2022-06-04,29.2,22.3,25.5,34.1,25.4,6.7,6.7,0.0,9.0,90,14.3,31.0,14.62
2022-06-05,26.0,21.5,24.3,30.6,24.7,52.5,52.5,0.0,16.0,93,18.8,37.4,4.02
2022-06-06,30.1,18.7,24.6,34.7,20.9,0.0,0.0,0.0,0.0,78,14.3,25.6,24.59
2022-06-07,27.5,20.6,24.2,30.0,22.5,0.0,0.0,0.0,0.0,76,14.4,31.7,23.56
2022-06-08,27.2,18.8,22.7,30.8,20.7,0.0,0.0,0.0,0.0,79,14.8,29.9,24.65
2022-06-09,29.3,20.8,24.5,33.0,23.3,0.0,0.0,0.0,0.0,78,17.2,35.6,24.61
2022-06-10,22.3,19.4,21.2,24.1,20.9,6.8,6.8,0.0,12.0,86,16.7,32.8,5.12
2022-06-11,26.1,19.0,22.0,27.9,20.0,2.1,2.1,0.0,11.0,79,17.9,36.4,19.04
2022-06-12,21.9,19.5,20.6,23.2,21.5,9.8,9.8,0.0,17.0,90,14.8,28.8,5.95
2022-06-13,24.0,20.0,21.4,27.3,22.1,6.8,6.8,0.0,15.0,91,10.0,22.0,7.73
2022-06-14,29.4,18.1,23.3,33.5,20.8,7.3,7.3,0.0,4.0,83,19.0,52.9,22.67
2022-06-15,31.1,20.5,25.6,35.9,23.5,0.3,0.3,0.0,3.0,76,11.4,24.1,24.09
2022-06-16,31.2,21.8,26.6,35.6,25.0,0.0,0.0,0.0,0.0,76,11.4,26.3,22.47
2022-06-17,32.9,21.4,27.5,39.3,24.1,0.0,0.0,0.0,0.0,73,13.0,28.8,24.2
2022-06-18,32.4,23.0,26.9,37.9,27.1,0.0,0.0,0.0,0.0,77,16.3,34.9,26.04
2022-06-19,30.4,23.6,26.0,34.3,27.7,0.3,0.3,0.0,1.0,83,16.4,29.9,11.95
2022-06-20,29.8,23.5,25.8,35.1,28.0,12.4,12.4,0.0,18.0,86,8.7,19.8,13.92
2022-06-21,30.2,23.5,26.5,35.2,28.2,1.5,1.5,0.0,6.0,86,13.1,29.2,20.55
2022-06-22,32.7,24.7,28.7,37.4,29.9,0.4,0.4,0.0,3.0,78,19.6,43.6,22.4
2022-06-23,34.1,26.4,30.2,37.2,30.2,0.0,0.0,0.0,0.0,68,24.7,49.7,19.75
2022-06-24,30.0,24.4,27.7,35.8,29.2,53.6,53.6,0.0,15.0,82,15.8,30.2,7.66
2022-06-25,31.6,23.6,27.6,37.4,26.9,68.0,68.0,0.0,13.0,83,19.5,36.7,19.1
2022-06-26,34.3,26.5,30.4,40.1,30.5,0.0,0.0,0.0,0.0,71,19.1,34.9,21.43
2022-06-27,34.7,27.6,30.9,39.2,30.6,0.3,0.3,0.0,1.0,67,22.9,47.9,23.16
2022-06-28,35.0,27.6,30.9,39.2,30.1,0.0,0.0,0.0,0.0,67,22.6,46.8,22.61
2022-06-29,34.8,25.2,29.6,40.3,30.1,13.2,13.2,0.0,8.0,76,16.9,32.4,18.14
2022-06-30,32.0,25.9,28.2,37.0,30.0,9.0,9.0,0.0,9.0,82,16.7,34.6,14.24
2022-07-01,32.0,25.2,27.6,35.8,29.3,0.9,0.9,0.0,5.0,79,21.8,45.0,14.93
2022-07-02,30.8,24.0,27.4,34.8,28.4,0.6,0.6,0.0,4.0,81,21.5,45.0,24.27
2022-07-03,31.5,24.8,27.9,36.7,29.3,0.0,0.0,0.0,0.0,80,18.1,34.2,23.29
2022-07-04,32.8,24.9,28.5,39.1,29.5,0.0,0.0,0.0,0.0,78,17.9,33.5,24.88
2022-07-05,34.8,26.2,30.7,41.3,31.9,0.9,0.9,0.0,4.0,76,16.1,32.0,23.07
2022-07-06,35.3,27.9,31.6,39.8,32.5,1.4,1.4,0.0,1.0,68,21.2,45.7,23.7
2022-07-07,35.7,27.7,31.0,40.9,32.8,6.1,6.1,0.0,5.0,72,15.1,31.3,22.01
2022-07-08,35.7,27.3,30.7,42.0,33.7,6.0,6.0,0.0,1.0,77,14.2,31.7,23.19
2022-07-09,36.2,27.1,30.8,42.4,33.5,13.6,13.6,0.0,6.0,76,15.7,29.9,21.74
2022-07-10,35.9,26.9,31.5,42.9,33.4,0.8,0.8,0.0,3.0,75,10.3,26.6,22.91
2022-07-11,36.0,27.5,31.8,42.3,32.7,1.5,1.5,0.0,1.0,70,14.9,30.6,21.24
2022-07-12,39.3,29.9,34.1,45.2,36.4,0.0,0.0,0.0,0.0,63,13.7,30.2,23.07
2022-07-13,39.5,30.1,34.6,44.3,36.4,0.0,0.0,0.0,0.0,58,13.0,29.5,24.4
2022-07-14,39.0,28.5,34.2,44.2,35.6,0.0,0.0,0.0,0.0,59,12.2,28.4,24.86
2022-07-15,37.7,29.5,33.4,41.5,33.7,0.1,0.1,0.0,1.0,60,18.1,38.5,21.8
2022-07-16,34.2,28.1,31.1,40.7,35.5,2.0,2.0,0.0,4.0,76,12.1,30.6,15.87
2022-07-17,37.0,27.1,32.1,40.4,32.9,2.9,2.9,0.0,3.0,67,19.9,44.6,21.08
2022-07-18,31.0,26.3,27.8,36.2,31.5,23.3,23.3,0.0,11.0,88,14.2,33.1,13.86
2022-07-19,30.4,25.9,28.1,36.4,32.5,9.0,9.0,0.0,13.0,88,11.0,28.4,13.95
2022-07-20,36.5,27.0,31.7,42.0,33.0,2.5,2.5,0.0,6.0,72,20.2,49.0,23.98
2022-07-21,34.0,26.8,29.2,42.4,32.5,25.0,25.0,0.0,10.0,82,14.2,34.9,15.92
2022-07-22,34.6,25.1,29.2,42.5,30.2,5.2,5.2,0.0,7.0,82,16.1,34.2,21.68
2022-07-23,37.5,26.0,32.0,42.2,32.0,9.3,9.3,0.0,6.0,70,18.8,42.1,25.53
2022-07-24,32.8,25.3,28.6,39.3,30.0,5.2,5.2,0.0,4.0,78,14.0,31.7,20.55
2022-07-25,34.8,26.5,30.0,42.3,32.1,1.8,1.8,0.0,8.0,79,11.2,28.4,21.78
2022-07-26,36.7,26.7,31.0,44.5,33.2,0.5,0.5,0.0,1.0,75,9.4,24.5,24.17
2022-07-27,36.3,25.5,30.2,43.9,31.3,5.0,5.0,0.0,4.0,77,12.6,23.0,23.07
2022-07-28,37.0,25.9,31.1,43.5,32.1,0.0,0.0,0.0,0.0,72,18.2,33.8,25.6
2022-07-29,33.1,26.6,29.9,38.2,31.0,2.6,2.6,0.0,4.0,72,19.4,41.4,23.15
2022-07-30,34.1,26.4,29.1,39.7,32.5,4.6,4.6,0.0,7.0,79,13.3,31.3,19.4
2022-07-31,34.0,25.5,29.5,39.6,31.5,0.4,0.4,0.0,3.0,78,14.8,34.6,22.76
2022-08-01,35.0,26.2,30.4,41.0,32.1,0.5,0.5,0.0,3.0,75,12.0,28.1,21.69
2022-08-02,34.8,27.5,30.9,41.1,33.9,1.9,1.9,0.0,4.0,74,15.9,31.7,22.66
2022-08-03,35.8,27.5,31.4,41.2,33.3,0.4,0.4,0.0,3.0,70,15.9,33.1,24.49
2022-08-04,37.8,27.7,32.3,43.1,32.4,0.0,0.0,0.0,0.0,62,17.4,35.3,25.35
2022-08-05,39.2,28.4,33.2,45.6,32.9,0.5,0.5,0.0,1.0,62,16.1,29.5,24.12
2022-08-06,35.3,27.5,30.4,41.3,33.3,8.1,8.1,0.0,4.0,77,15.2,33.1,15.22
2022-08-07,37.8,27.0,32.0,43.1,31.6,0.0,0.0,0.0,0.0,63,18.4,34.6,25.19
2022-08-08,38.0,28.2,32.8,41.3,31.6,0.0,0.0,0.0,0.0,54,18.4,34.9,25.78
2022-08-09,38.5,27.8,32.8,43.4,32.2,0.0,0.0,0.0,0.0,58,16.6,34.6,24.86
2022-08-10,39.5,28.8,33.4,44.5,32.7,0.0,0.0,0.0,0.0,56,14.0,29.2,22.1
2022-08-11,40.2,29.6,34.2,46.0,34.5,0.2,0.2,0.0,2.0,56,10.4,23.4,23.28
2022-08-12,40.3,29.3,34.2,46.8,36.0,0.0,0.0,0.0,0.0,60,13.0,26.6,23.88
2022-08-13,39.9,29.9,33.9,46.2,35.1,0.2,0.2,0.0,1.0,60,14.3,33.8,21.69
2022-08-14,40.5,30.2,34.5,45.9,35.4,0.0,0.0,0.0,0.0,57,15.5,32.0,24.27
2022-08-15,40.0,29.5,34.5,44.7,32.7,0.0,0.0,0.0,0.0,52,16.4,33.1,23.43
2022-08-16,40.2,28.2,32.8,45.9,33.9,4.1,4.1,0.0,4.0,62,16.4,39.2,19.83
2022-08-17,36.5,26.9,30.5,43.2,33.6,5.8,5.8,0.0,6.0,78,14.6,31.0,19.02
2022-08-18,37.8,27.8,32.3,42.1,34.9,0.0,0.0,0.0,0.0,68,16.9,34.6,23.66
2022-08-19,40.0,29.0,34.3,45.2,34.2,0.0,0.0,0.0,0.0,58,16.3,34.6,24.2
2022-08-20,38.8,30.8,34.4,43.3,35.8,0.1,0.1,0.0,1.0,56,14.4,33.1,16.33
2022-08-21,36.7,27.9,31.5,44.4,34.4,2.4,2.4,0.0,5.0,75,16.3,31.0,19.95
2022-08-22,39.1,29.4,33.9,44.3,35.3,0.0,0.0,0.0,0.0,61,13.8,25.2,23.8
2022-08-23,39.5,28.5,33.9,44.7,34.8,4.5,4.5,0.0,2.0,63,17.8,34.6,20.93
2022-08-24,34.3,26.2,29.0,40.4,30.9,16.3,16.3,0.0,9.0,79,16.3,34.2,14.56
2022-08-25,36.0,26.5,30.1,41.6,32.5,2.9,2.9,0.0,7.0,76,9.9,22.0,21.82
2022-08-26,31.2,25.6,27.6,36.8,31.0,18.6,18.6,0.0,11.0,87,17.2,37.1,12.58
2022-08-27,27.4,23.9,25.8,31.8,25.8,3.4,3.4,0.0,10.0,85,15.5,32.4,9.82
2022-08-28,29.5,23.9,26.5,31.9,26.2,0.1,0.1,0.0,1.0,72,19.5,40.3,10.94
2022-08-29,34.2,25.4,29.3,41.2,28.9,0.0,0.0,0.0,0.0,73,12.8,25.2,22.79
2022-08-30,31.5,25.9,28.5,37.7,31.2,7.9,7.9,0.0,7.0,82,17.1,37.1,16.09
2022-08-31,28.0,23.8,25.8,31.0,26.3,0.9,0.9,0.0,7.0,77,16.0,34.9,16.02
2022-09-01,28.9,22.6,25.3,30.6,23.2,0.0,0.0,0.0,0.0,66,19.1,40.0,19.46
2022-09-02,27.3,22.0,24.4,27.9,23.2,2.5,2.5,0.0,3.0,75,23.0,46.8,8.49
2022-09-03,29.9,23.1,25.3,34.1,25.3,28.8,28.8,0.0,17.0,89,19.5,46.8,10.42
2022-09-04,30.1,24.1,26.3,33.8,26.6,6.8,6.8,0.0,21.0,87,26.7,50.0,16.2
2022-09-05,25.5,21.6,23.9,26.5,20.9,5.8,5.8,0.0,13.0,78,33.9,71.6,6.99
2022-09-06,29.4,18.9,24.1,35.4,20.3,0.0,0.0,0.0,0.0,76,12.2,27.0,23.15
2022-09-07,32.9,21.8,26.7,38.9,25.1,0.0,0.0,0.0,0.0,75,10.7,19.4,22.56
2022-09-08,30.4,21.3,25.8,35.2,24.4,0.8,0.8,0.0,5.0,75,12.4,25.2,18.76
2022-09-09,29.4,21.5,24.5,32.3,23.4,0.0,0.0,0.0,0.0,70,11.6,23.8,21.46
2022-09-10,29.0,18.6,23.5,31.8,20.5,0.0,0.0,0.0,0.0,75,13.9,28.8,19.8
2022-09-11,29.6,20.4,24.9,32.0,23.2,0.0,0.0,0.0,0.0,77,9.9,22.3,18.36
2022-09-12,26.0,21.4,23.1,28.7,23.5,14.6,14.6,0.0,11.0,86,13.5,29.9,10.69
2022-09-13,23.9,21.8,22.8,26.5,23.5,23.4,23.4,0.0,20.0,94,23.5,44.3,3.58
2022-09-14,26.0,22.2,23.6,27.7,22.9,64.3,64.3,0.0,23.0,92,38.8,73.4,5.65
2022-09-15,28.2,21.1,23.8,30.2,20.0,14.7,14.7,0.0,8.0,82,41.3,79.6,13.85
2022-09-16,27.9,20.5,24.1,31.2,23.5,0.9,0.9,0.0,5.0,81,12.4,29.9,19.67
2022-09-17,28.5,21.0,24.7,32.0,24.5,1.0,1.0,0.0,5.0,81,12.6,27.0,18.92
2022-09-18,27.5,21.0,24.4,28.9,23.7,0.1,0.1,0.0,1.0,80,19.3,39.2,14.58
2022-09-19,26.8,20.0,23.7,27.9,19.6,0.0,0.0,0.0,0.0,68,20.2,41.8,21.79
2022-09-20,25.7,17.1,21.0,25.2,17.0,0.0,0.0,0.0,0.0,69,19.2,39.2,18.05
2022-09-21,24.5,18.0,20.9,26.3,18.0,0.0,0.0,0.0,0.0,73,12.9,26.3,13.54
2022-09-22,28.2,17.5,22.5,30.3,19.2,0.0,0.0,0.0,0.0,74,9.7,23.8,17.39
2022-09-23,25.8,18.4,22.0,26.6,18.3,0.0,0.0,0.0,0.0,76,18.9,39.2,9.92
2022-09-24,25.0,15.7,20.1,25.7,15.9,0.0,0.0,0.0,0.0,68,13.9,28.1,19.77
2022-09-25,26.3,16.5,20.9,28.3,16.6,0.0,0.0,0.0,0.0,68,13.2,24.5,18.3
2022-09-26,28.4,17.5,21.9,30.0,18.5,0.3,0.3,0.0,1.0,73,13.7,29.5,16.2
2022-09-27,26.7,20.0,22.7,27.9,21.8,0.0,0.0,0.0,0.0,77,14.8,30.6,12.51
2022-09-28,25.2,19.8,22.1,27.5,21.7,1.4,1.4,0.0,6.0,83,11.5,23.8,7.08
2022-09-29,23.9,19.4,21.5,26.4,21.1,7.7,7.7,0.0,9.0,88,11.0,23.4,5.2
2022-09-30,30.1,21.1,24.9,34.8,24.2,0.0,0.0,0.0,0.0,84,17.4,32.0,15.45
2022-10-01,31.8,23.2,27.1,37.4,27.3,0.0,0.0,0.0,0.0,81,12.9,27.0,18.82
2022-10-02,34.1,23.1,28.3,38.6,26.0,0.0,0.0,0.0,0.0,70,16.2,30.6,18.96
2022-10-03,35.8,24.9,29.7,41.0,28.7,0.0,0.0,0.0,0.0,70,14.4,29.9,18.85
2022-10-04,28.0,19.0,24.0,31.9,16.8,0.0,0.0,0.0,0.0,72,23.6,47.2,6.91
2022-10-05,21.0,15.6,18.5,20.1,14.1,0.1,0.1,0.0,1.0,66,18.2,34.9,7.01
2022-10-06,18.9,15.1,16.5,18.0,14.5,3.8,3.8,0.0,16.0,82,15.3,31.0,4.15
2022-10-07,16.8,13.6,15.1,16.4,12.8,10.0,10.0,0.0,18.0,88,15.1,29.9,3.08
2022-10-08,20.6,14.0,16.4,19.8,13.1,3.3,3.3,0.0,10.0,79,11.3,25.6,8.09
2022-10-09,20.6,14.4,16.7,18.5,10.8,6.0,6.0,0.0,10.0,75,20.5,40.3,9.07
2022-10-10,16.7,10.2,13.5,12.4,6.9,0.0,0.0,0.0,0.0,48,24.1,49.7,19.46
2022-10-11,19.2,7.4,13.9,17.5,4.8,0.0,0.0,0.0,0.0,58,12.3,28.4,17.46
2022-10-12,21.5,12.2,16.3,19.5,10.7,0.0,0.0,0.0,0.0,64,16.3,36.0,14.47
2022-10-13,23.5,12.6,17.5,22.3,11.4,0.0,0.0,0.0,0.0,69,13.5,30.2,15.38
2022-10-14,23.6,13.8,18.4,23.4,13.6,0.3,0.3,0.0,2.0,77,12.2,25.9,12.69
2022-10-15,23.4,13.8,18.3,23.5,13.9,0.0,0.0,0.0,0.0,78,10.5,25.6,17.16
2022-10-16,23.4,16.0,19.3,23.4,16.1,0.0,0.0,0.0,0.0,73,15.3,30.6,9.66
2022-10-17,21.7,13.9,17.4,19.0,10.1,0.5,0.5,0.0,3.0,68,27.3,53.6,14.22
2022-10-18,18.5,10.9,14.3,15.1,7.5,0.0,0.0,0.0,0.0,54,18.4,38.9,15.57
2022-10-19,19.7,9.6,14.1,18.5,7.2,0.0,0.0,0.0,0.0,65,15.0,31.3,17.39
2022-10-20,20.8,11.1,16.0,18.9,8.9,0.0,0.0,0.0,0.0,67,16.5,35.6,15.51
2022-10-21,24.0,11.9,18.3,25.0,11.2,0.0,0.0,0.0,0.0,75,10.1,23.8,16.71
2022-10-22,25.2,15.9,19.8,25.4,17.0,0.1,0.1,0.0,1.0,81,14.0,28.1,12.33
2022-10-23,23.2,13.9,18.6,21.7,12.1,0.1,0.1,0.0,1.0,72,17.2,34.9,13.09
2022-10-24,21.9,11.1,16.3,20.1,9.9,0.0,0.0,0.0,0.0,63,12.5,28.1,16.31
2022-10-25,20.3,12.8,16.1,17.6,10.9,0.0,0.0,0.0,0.0,62,19.2,40.0,14.66
2022-10-26,19.7,14.1,17.2,19.1,13.1,0.3,0.3,0.0,2.0,75,13.1,26.6,3.86
2022-10-27,19.4,16.2,17.6,19.7,16.3,5.2,5.2,0.0,19.0,89,13.0,28.1,3.26
2022-10-28,19.5,15.1,16.8,17.6,14.4,3.2,3.2,0.0,6.0,77,14.0,30.2,4.21
2022-10-29,20.9,12.6,16.1,19.9,11.3,0.0,0.0,0.0,0.0,74,13.3,28.4,14.28
2022-10-30,22.4,12.2,17.0,21.3,11.0,0.0,0.0,0.0,0.0,76,17.0,34.6,9.59
2022-10-31,21.4,14.2,17.3,20.2,13.3,1.1,1.1,0.0,4.0,74,16.6,35.3,9.28
2022-11-01,22.0,13.0,16.9,19.8,11.9,0.0,0.0,0.0,0.0,75,18.8,39.2,10.41
2022-11-02,21.6,12.4,16.2,21.3,11.5,0.0,0.0,0.0,0.0,77,13.9,25.9,13.88
2022-11-03,21.0,11.7,16.3,20.6,10.7,0.1,0.1,0.0,1.0,70,17.6,35.3,9.91
2022-11-04,18.8,10.8,15.3,16.4,8.5,0.0,0.0,0.0,0.0,64,17.7,36.4,6.52
2022-11-05,18.5,8.2,12.8,16.0,6.0,0.0,0.0,0.0,0.0,64,11.5,27.0,13.77
2022-11-06,18.5,10.2,14.1,16.4,8.1,0.0,0.0,0.0,0.0,68,14.8,32.0,13.5
2022-11-07,21.6,11.3,15.9,21.6,10.3,0.0,0.0,0.0,0.0,77,11.6,20.2,14.57
2022-11-08,21.4,12.6,16.7,20.5,12.3,0.0,0.0,0.0,0.0,80,15.3,31.7,14.55
2022-11-09,23.2,13.1,18.2,23.6,12.7,0.0,0.0,0.0,0.0,81,11.9,23.8,11.99
2022-11-10,27.0,14.4,19.8,29.0,14.7,0.0,0.0,0.0,0.0,83,14.4,25.9,13.7
2022-11-11,24.6,18.6,20.7,26.5,20.2,0.7,0.7,0.0,4.0,91,19.3,38.5,7.82
2022-11-12,27.9,18.5,22.5,31.0,20.4,0.1,0.1,0.0,1.0,83,22.4,41.4,13.42
2022-11-13,19.4,12.0,15.4,18.8,10.8,1.5,1.5,0.0,11.0,79,20.6,42.1,2.96
2022-11-14,14.9,9.9,12.1,12.7,8.6,1.5,1.5,0.0,5.0,73,12.0,25.6,4.71
2022-11-15,14.9,7.2,11.2,12.8,5.3,0.2,0.2,0.0,2.0,81,11.7,26.3,7.77
2022-11-16,18.5,6.6,12.6,16.0,4.6,6.2,6.2,0.0,6.0,79,15.6,32.4,10.75
2022-11-17,17.8,14.4,16.2,19.4,13.8,22.3,22.3,0.0,23.0,94,15.9,30.6,2.47
2022-11-18,19.5,15.8,17.2,19.2,15.7,2.9,2.9,0.0,14.0,91,17.6,36.0,4.14
2022-11-19,19.6,15.6,17.5,21.7,15.7,7.9,7.9,0.0,18.0,95,10.2,19.8,3.22
2022-11-20,19.4,11.6,15.5,18.1,10.5,0.4,0.4,0.0,3.0,84,14.3,30.6,9.52
2022-11-21,20.5,8.8,14.6,21.2,7.4,0.3,0.3,0.0,1.0,83,11.5,20.2,13.25
2022-11-22,19.9,14.7,16.7,20.2,13.1,14.8,14.8,0.0,6.0,88,21.5,44.6,5.33
2022-11-23,18.5,12.9,15.3,17.4,12.2,0.2,0.2,0.0,2.0,82,15.9,32.8,8.41
2022-11-24,19.5,11.6,14.9,18.8,10.9,0.0,0.0,0.0,0.0,81,11.4,24.8,10.99
2022-11-25,21.2,13.9,17.0,22.0,13.4,0.0,0.0,0.0,0.0,83,9.7,18.7,9.76
2022-11-26,20.9,13.7,16.4,19.8,13.3,0.0,0.0,0.0,0.0,82,14.2,27.4,10.13
2022-11-27,19.5,13.6,16.3,19.4,12.7,0.9,0.9,0.0,4.0,87,14.0,29.9,5.4
2022-11-28,22.1,15.4,18.2,22.9,15.7,11.9,11.9,0.0,8.0,92,16.2,38.5,5.99
2022-11-29,17.8,7.9,13.5,17.8,3.6,16.9,16.9,0.0,24.0,90,24.3,46.1,2.05
2022-11-30,7.2,2.0,3.1,2.8,-3.1,6.4,5.3,0.77,23.0,82,24.6,49.0,2.55
2022-12-01,3.2,1.2,2.1,-1.3,-3.8,4.9,0.6,3.01,22.0,72,19.5,38.9,2.85
2022-12-02,7.7,1.2,4.6,4.5,-3.0,1.4,0.8,0.42,5.0,64,11.6,20.9,7.49
2022-12-03,7.8,4.8,6.5,5.0,2.3,9.0,9.0,0.0,23.0,95,18.2,33.1,1.77
2022-12-04,10.2,6.8,8.5,7.5,3.1,8.6,8.6,0.0,18.0,89,20.9,40.3,1.75
2022-12-05,8.7,4.6,6.7,5.7,1.4,5.7,5.7,0.0,11.0,84,18.9,37.4,3.25
2022-12-06,12.6,1.9,6.3,10.1,-1.2,0.0,0.0,0.0,0.0,78,9.4,16.9,11.96
2022-12-07,12.8,4.6,8.8,10.0,1.7,0.5,0.5,0.0,3.0,75,13.2,28.1,5.31
2022-12-08,14.1,8.4,10.9,13.5,6.2,0.4,0.4,0.0,3.0,85,9.2,16.6,3.34
2022-12-09,11.9,9.7,10.7,10.1,7.6,6.7,6.7,0.0,16.0,92,14.7,29.9,3.16
2022-12-10,11.7,9.6,10.6,9.0,6.4,0.1,0.1,0.0,1.0,86,18.4,35.6,3.21
2022-12-11,9.4,5.1,7.6,5.6,0.6,0.0,0.0,0.0,0.0,66,19.8,37.8,9.03
2022-12-12,9.4,3.2,6.2,4.8,-0.4,0.0,0.0,0.0,0.0,68,18.3,38.2,6.97
2022-12-13,10.9,0.4,5.3,6.3,-3.2,0.0,0.0,0.0,0.0,63,16.8,35.6,12.61
2022-12-14,7.6,-0.1,3.3,3.5,-4.0,0.0,0.0,0.0,0.0,57,13.4,27.4,12.6
2022-12-15,10.9,-1.6,5.2,7.4,-5.4,0.0,0.0,0.0,0.0,72,11.8,27.0,12.39
2022-12-16,9.2,4.4,7.8,6.6,0.0,6.5,6.5,0.0,16.0,85,21.6,40.7,1.97
2022-12-17,4.2,-1.6,2.0,-0.8,-7.4,0.5,0.5,0.0,3.0,59,32.4,64.8,10.48
2022-12-18,4.6,-5.2,-0.7,-1.1,-10.2,0.0,0.0,0.0,0.0,45,17.6,37.4,12.81
2022-12-19,8.4,-3.2,2.0,4.9,-7.4,0.0,0.0,0.0,0.0,66,11.4,22.0,12.51
2022-12-20,11.6,-1.3,5.4,8.2,-5.3,0.4,0.4,0.0,1.0,77,11.5,25.9,12.07
2022-12-21,11.4,2.2,7.0,5.0,-1.2,1.6,1.6,0.0,5.0,61,26.5,53.6,12.56
2022-12-22,5.3,0.2,3.5,-0.2,-5.8,0.0,0.0,0.0,0.0,53,28.7,57.2,12.55
2022-12-23,4.4,-3.9,0.0,-1.0,-9.0,0.0,0.0,0.0,0.0,43,17.8,35.3,12.76
2022-12-24,4.8,-3.7,0.1,-1.4,-7.9,0.0,0.0,0.0,0.0,57,23.9,49.0,12.75
2022-12-25,5.9,-3.0,0.6,1.4,-7.5,0.0,0.0,0.0,0.0,67,12.8,28.4,12.47
2022-12-26,8.6,-3.0,2.4,5.2,-6.7,0.0,0.0,0.0,0.0,74,13.5,26.3,10.93
2022-12-27,9.0,-2.3,3.4,5.9,-5.7,0.0,0.0,0.0,0.0,72,8.3,18.7,10.81
2022-12-28,6.6,3.2,4.5,3.2,0.3,1.4,1.4,0.0,10.0,78,10.2,25.2,5.12
2022-12-29,5.2,2.2,3.8,2.3,-0.8,3.0,3.0,0.0,14.0,87,7.6,16.6,3.0
2022-12-30,7.1,-0.3,3.6,3.8,-3.6,0.1,0.1,0.0,1.0,76,7.3,18.4,5.06
2022-12-31,9.9,-2.8,2.6,6.9,-6.6,0.0,0.0,0.0,0.0,78,8.7,18.4,12.39
2023-01-01,8.8,-0.7,4.6,5.2,-4.2,0.0,0.0,0.0,0.0,71,8.9,18.4,4.03
2023-01-02,7.5,4.3,5.8,4.4,1.7,2.1,2.1,0.0,11.0,81,10.1,20.9,2.31
2023-01-03,10.4,1.7,5.4,6.9,-1.6,1.4,1.4,0.0,6.0,79,9.3,21.6,9.96
2023-01-04,10.4,-2.0,4.1,6.9,-5.6,0.0,0.0,0.0,0.0,80,15.6,32.0,12.46
2023-01-05,14.1,5.7,9.2,12.7,2.8,0.0,0.0,0.0,0.0,82,10.6,21.2,7.24
2023-01-06,15.4,5.7,9.7,11.2,3.2,0.0,0.0,0.0,0.0,67,16.0,32.4,12.54
2023-01-07,14.6,3.0,8.3,11.9,-0.0,0.0,0.0,0.0,0.0,70,12.5,22.7,12.86
2023-01-08,16.8,4.5,9.7,14.3,0.9,0.0,0.0,0.0,0.0,64,12.4,25.9,13.02
2023-01-09,17.5,4.4,10.5,15.9,1.5,0.0,0.0,0.0,0.0,77,16.8,31.3,12.43
2023-01-10,12.7,2.6,7.7,10.4,-0.1,0.0,0.0,0.0,0.0,79,13.2,26.6,8.75
2023-01-11,15.3,2.0,8.9,13.4,-0.9,0.0,0.0,0.0,0.0,89,16.1,31.0,10.48
2023-01-12,20.2,10.1,14.6,20.5,8.9,2.7,2.7,0.0,3.0,90,12.5,23.8,11.91
2023-01-13,16.8,14.6,15.8,18.3,15.4,44.7,44.7,0.0,18.0,98,8.7,22.0,1.54
2023-01-14,16.0,3.2,9.7,16.4,-1.6,15.2,15.2,0.0,19.0,92,23.9,46.1,1.59
2023-01-15,2.9,-1.4,0.2,-2.2,-7.0,0.5,0.0,0.35,3.0,69,29.5,56.5,2.71
2023-01-16,2.5,-3.5,-0.4,-2.6,-7.9,0.0,0.0,0.0,0.0,54,16.8,36.0,13.43
2023-01-17,6.0,-3.5,1.8,1.7,-7.4,0.0,0.0,0.0,0.0,59,13.2,29.2,13.29
2023-01-18,7.6,-1.3,2.3,2.9,-5.6,0.0,0.0,0.0,0.0,60,15.9,34.6,13.68
2023-01-19,10.1,-1.9,3.2,7.0,-5.5,0.0,0.0,0.0,0.0,65,10.1,19.8,13.62
2023-01-20,10.2,0.1,4.7,6.1,-4.0,0.0,0.0,0.0,0.0,68,14.6,32.0,13.64
2023-01-21,9.8,2.5,6.3,5.3,-1.0,0.6,0.6,0.0,3.0,72,23.5,46.1,11.8
2023-01-22,9.9,6.3,7.5,7.8,3.1,3.0,3.0,0.0,13.0,91,15.3,33.5,3.78
2023-01-23,7.9,4.3,6.3,4.7,-1.1,6.1,6.1,0.0,17.0,93,25.6,47.5,1.44
2023-01-24,3.4,-4.7,-0.4,-2.1,-10.0,0.1,0.1,0.0,1.0,56,33.4,68.0,13.98
2023-01-25,2.2,-8.1,-3.0,-1.4,-12.3,0.0,0.0,0.0,0.0,60,11.9,24.8,14.8
2023-01-26,9.1,-3.2,2.5,4.7,-7.3,0.0,0.0,0.0,0.0,63,17.9,34.6,14.55
2023-01-27,3.5,-1.9,0.7,-2.5,-7.4,0.0,0.0,0.0,0.0,51,26.7,54.7,14.78
2023-01-28,5.2,-4.6,-0.4,-0.3,-9.1,0.0,0.0,0.0,0.0,51,18.3,39.6,15.39
2023-01-29,10.6,-2.8,2.9,5.8,-7.0,0.0,0.0,0.0,0.0,58,14.1,31.3,15.33
2023-01-30,12.4,-2.5,4.5,9.6,-6.5,0.0,0.0,0.0,0.0,63,14.7,27.0,15.37
2023-01-31,17.4,3.0,8.8,15.8,-1.1,0.0,0.0,0.0,0.0,63,12.8,23.4,14.86
2023-02-01,15.6,3.0,8.4,11.9,0.6,0.0,0.0,0.0,0.0,73,20.5,42.5,12.77
2023-02-02,8.4,3.3,5.5,4.7,-0.7,1.1,1.1,0.0,3.0,65,17.6,36.4,6.58
2023-02-03,8.3,1.8,4.9,5.8,-0.9,2.2,2.2,0.0,4.0,81,10.1,20.5,7.26
2023-02-04,9.2,1.1,4.9,5.1,-2.2,0.0,0.0,0.0,0.0,74,13.2,28.8,10.77
2023-02-05,10.4,5.2,7.5,6.7,2.0,3.2,3.2,0.0,11.0,83,18.8,39.6,7.29
2023-02-06,11.2,7.7,9.3,10.5,5.4,7.1,7.1,0.0,16.0,94,10.9,20.9,2.62
2023-02-07,13.2,7.9,9.9,11.0,6.0,1.1,1.1,0.0,8.0,83,12.6,26.6,6.01
2023-02-08,9.1,5.6,7.5,6.6,2.9,3.9,3.9,0.0,11.0,83,14.7,29.5,2.87
2023-02-09,11.4,6.9,9.0,10.7,4.3,18.6,18.6,0.0,19.0,93,18.8,35.3,3.11
2023-02-10,9.7,6.2,8.0,7.0,3.3,1.0,1.0,0.0,5.0,85,19.1,35.3,4.49
2023-02-11,13.3,6.2,9.1,12.2,3.4,6.5,6.5,0.0,9.0,89,14.1,27.0,7.11
2023-02-12,16.5,9.1,12.3,16.2,6.7,9.3,9.3,0.0,13.0,90,16.1,30.2,6.25
2023-02-13,10.4,4.0,7.0,8.5,-0.6,9.9,9.9,0.0,20.0,84,20.9,41.8,2.8
2023-02-14,7.1,2.2,4.4,2.2,-2.5,0.0,0.0,0.0,0.0,61,19.7,37.8,13.12
2023-02-15,8.2,-0.3,4.0,4.5,-4.0,0.0,0.0,0.0,0.0,69,14.9,33.5,15.85
2023-02-16,11.1,-2.1,4.5,9.2,-5.9,0.0,0.0,0.0,0.0,75,14.8,29.9,17.15
2023-02-17,15.4,5.8,9.3,13.8,2.6,0.0,0.0,0.0,0.0,72,12.4,25.9,13.26
2023-02-18,21.3,5.9,13.0,20.9,4.0,0.1,0.1,0.0,1.0,76,18.8,36.4,16.54
2023-02-19,12.9,4.2,10.0,9.2,1.2,0.9,0.9,0.0,5.0,71,18.2,36.0,13.05
2023-02-20,12.1,-0.3,5.6,9.0,-3.8,0.0,0.0,0.0,0.0,66,12.7,27.0,18.02
2023-02-21,8.8,1.1,4.7,5.4,-3.2,0.0,0.0,0.0,0.0,62,18.1,37.1,14.5
2023-02-22,10.5,3.2,6.3,7.5,-0.5,0.0,0.0,0.0,0.0,64,12.0,24.8,12.17
2023-02-23,10.1,3.6,6.5,7.1,0.4,5.2,5.2,0.0,7.0,75,10.1,23.4,8.35
2023-02-24,10.4,3.6,6.0,6.6,0.9,1.9,1.9,0.0,8.0,81,14.8,31.7,7.01
2023-02-25,10.0,0.8,5.6,5.8,-3.6,0.0,0.0,0.0,0.0,68,18.8,40.7,16.91
2023-02-26,9.7,-3.5,3.0,7.1,-7.4,0.0,0.0,0.0,0.0,70,11.5,23.4,18.02
2023-02-27,11.1,-1.1,5.3,8.3,-4.9,0.0,0.0,0.0,0.0,76,16.0,34.9,18.81
2023-02-28,17.4,4.3,10.6,15.7,1.4,0.5,0.5,0.0,3.0,78,13.8,31.3,14.54
2023-03-01,16.5,8.6,11.7,14.4,5.0,0.2,0.2,0.0,1.0,77,15.5,33.5,13.28
2023-03-02,13.9,2.6,8.0,10.9,-0.6,0.0,0.0,0.0,0.0,64,14.3,29.9,19.12
2023-03-03,12.9,3.0,7.6,10.3,-0.1,0.0,0.0,0.0,0.0,71,11.8,26.6,15.39
2023-03-04,18.5,2.4,9.2,18.1,0.1,0.0,0.0,0.0,0.0,75,10.5,20.5,19.35
2023-03-05,20.0,5.3,11.4,18.4,2.9,0.0,0.0,0.0,0.0,71,13.1,24.5,18.96
2023-03-06,22.8,8.2,14.3,20.7,5.4,0.0,0.0,0.0,0.0,57,12.4,27.7,19.75
2023-03-07,24.2,10.4,15.9,22.6,6.8,0.0,0.0,0.0,0.0,50,13.1,29.5,19.03
2023-03-08,22.0,13.2,16.7,20.8,10.7,1.3,1.3,0.0,4.0,67,14.3,25.2,9.45
2023-03-09,24.5,13.2,17.8,23.9,13.0,0.1,0.1,0.0,1.0,69,11.1,26.3,19.23
2023-03-10,26.1,11.4,18.1,24.8,10.2,0.0,0.0,0.0,0.0,58,16.7,31.0,20.04
2023-03-11,25.4,13.9,18.7,23.5,11.6,1.3,1.3,0.0,3.0,53,14.5,27.7,14.65
2023-03-12,16.0,6.3,12.1,15.8,2.6,2.7,2.7,0.0,8.0,70,25.7,51.5,6.75
2023-03-13,13.4,4.6,8.4,11.0,1.7,0.0,0.0,0.0,0.0,55,15.1,33.8,20.6
2023-03-14,22.4,5.6,13.1,19.1,2.5,0.0,0.0,0.0,0.0,56,16.1,34.6,21.14
2023-03-15,26.0,9.6,16.4,24.6,7.0,0.0,0.0,0.0,0.0,51,22.1,44.6,20.12
2023-03-16,15.3,7.7,10.7,12.5,4.5,1.0,1.0,0.0,2.0,68,21.2,43.2,14.99
2023-03-17,10.8,7.2,8.9,8.6,3.9,19.0,19.0,0.0,13.0,87,15.2,31.0,2.79
2023-03-18,12.8,6.2,9.3,10.1,3.0,0.0,0.0,0.0,0.0,71,14.1,30.2,10.08
2023-03-19,12.9,6.9,9.2,9.1,4.6,4.2,4.2,0.0,12.0,77,16.1,33.8,5.72
2023-03-20,18.4,7.1,12.3,18.0,5.3,7.0,7.0,0.0,7.0,83,12.4,23.8,13.16
2023-03-21,19.2,11.9,14.5,20.0,11.2,7.6,7.6,0.0,16.0,91,9.0,20.2,7.99
2023-03-22,21.2,12.1,15.3,23.1,11.7,22.8,22.8,0.0,13.0,92,16.7,31.0,9.05
2023-03-23,16.0,10.8,13.7,14.2,7.6,0.2,0.2,0.0,2.0,82,18.7,38.2,5.98
2023-03-24,11.1,6.3,9.5,8.0,4.2,0.9,0.9,0.0,6.0,66,16.8,36.4,6.6
2023-03-25,10.0,5.5,7.9,7.5,2.3,0.4,0.4,0.0,2.0,73,10.8,23.8,6.86
2023-03-26,16.2,5.2,10.4,14.9,2.7,0.1,0.1,0.0,1.0,70,11.4,28.4,21.36
2023-03-27,16.5,4.4,10.6,15.1,1.4,0.0,0.0,0.0,0.0,62,12.9,28.1,18.5
2023-03-28,16.7,5.4,11.4,13.9,2.9,0.0,0.0,0.0,0.0,59,16.8,36.7,22.58
2023-03-29,13.3,10.4,11.9,11.4,8.0,3.0,3.0,0.0,7.0,80,13.4,27.4,3.78
2023-03-30,14.1,10.4,11.9,12.3,8.4,3.4,3.4,0.0,11.0,84,14.8,29.5,4.78
2023-03-31,16.8,9.1,12.8,15.3,7.5,0.2,0.2,0.0,2.0,79,10.8,24.1,7.04
2023-04-01,20.3,11.0,14.8,20.7,10.0,0.3,0.3,0.0,3.0,76,8.9,18.4,14.99
2023-04-02,20.8,8.5,14.5,19.5,6.6,0.0,0.0,0.0,0.0,70,22.3,41.4,22.67
2023-04-03,21.1,11.9,16.0,17.3,9.2,0.4,0.4,0.0,2.0,67,26.4,51.8,12.96
2023-04-04,23.4,16.0,18.9,23.1,14.1,15.0,15.0,0.0,18.0,84,27.1,50.8,7.93
2023-04-05,18.3,11.9,14.9,15.8,10.2,1.9,1.9,0.0,7.0,76,18.9,39.6,11.46
2023-04-06,13.1,9.1,11.4,11.6,7.5,7.5,7.5,0.0,14.0,83,10.5,21.6,5.3
2023-04-07,16.8,9.5,13.0,13.4,7.5,0.2,0.2,0.0,2.0,74,20.5,43.9,16.71
2023-04-08,18.3,5.9,12.2,18.0,3.4,0.0,0.0,0.0,0.0,65,12.9,24.5,22.94
2023-04-09,21.2,8.3,14.1,20.6,5.6,0.0,0.0,0.0,0.0,64,12.9,27.4,23.37
2023-04-10,26.0,11.4,18.2,26.2,9.7,0.0,0.0,0.0,0.0,68,17.2,32.0,23.04
2023-04-11,26.0,15.9,20.4,28.7,14.1,0.5,0.5,0.0,4.0,73,17.1,31.3,14.28
2023-04-12,19.4,12.2,15.6,17.1,8.8,0.0,0.0,0.0,0.0,50,19.0,40.3,23.41
2023-04-13,23.2,11.3,16.7,21.8,8.1,0.0,0.0,0.0,0.0,67,16.6,32.4,14.88
2023-04-14,24.4,15.2,19.4,25.9,16.0,6.7,6.7,0.0,5.0,88,16.7,29.9,11.08
2023-04-15,23.0,15.2,18.7,22.8,14.8,0.2,0.2,0.0,2.0,75,19.2,41.4,16.82
2023-04-16,27.4,13.5,20.2,29.2,13.5,0.0,0.0,0.0,0.0,69,20.5,37.4,23.07
2023-04-17,30.2,15.0,22.4,32.5,13.0,0.0,0.0,0.0,0.0,70,21.7,40.3,23.53
2023-04-18,29.5,19.6,24.0,31.7,19.1,4.3,4.3,0.0,5.0,67,16.0,32.8,12.76
2023-04-19,23.9,17.3,19.8,24.9,18.0,4.1,4.1,0.0,9.0,82,14.8,31.3,12.25
2023-04-20,23.8,14.3,18.5,24.4,14.4,0.2,0.2,0.0,1.0,82,21.6,43.6,18.62
2023-04-21,23.1,12.4,17.3,23.1,9.3,0.0,0.0,0.0,0.0,71,18.7,39.2,20.76
2023-04-22,20.5,9.5,14.6,20.1,7.4,0.0,0.0,0.0,0.0,66,15.5,28.8,13.68
2023-04-23,16.2,13.4,14.9,13.8,12.1,10.3,10.3,0.0,17.0,83,21.7,46.8,4.89
2023-04-24,17.1,11.9,13.9,14.7,9.8,6.8,6.8,0.0,10.0,77,19.9,40.0,6.57
2023-04-25,16.2,10.8,13.0,14.0,9.4,0.3,0.3,0.0,3.0,75,14.6,31.3,8.82
2023-04-26,20.5,11.4,15.8,19.3,10.0,0.0,0.0,0.0,0.0,69,14.4,24.8,18.44
2023-04-27,23.0,12.9,17.4,22.4,11.9,0.0,0.0,0.0,0.0,69,17.5,36.4,24.38
2023-04-28,26.5,14.7,20.3,27.8,14.4,0.8,0.8,0.0,2.0,74,14.0,31.3,20.22
2023-04-29,19.5,12.6,17.2,21.5,10.4,2.7,2.7,0.0,10.0,72,26.6,50.8,6.07
2023-04-30,22.9,8.9,16.2,22.6,7.1,0.0,0.0,0.0,0.0,61,10.0,24.8,25.69
2023-05-01,26.2,11.9,18.9,26.3,10.7,0.0,0.0,0.0,0.0,59,18.1,32.4,25.97
2023-05-02,27.1,12.9,20.2,27.1,10.7,0.0,0.0,0.0,0.0,56,21.3,43.9,25.28
2023-05-03,28.2,17.9,23.2,30.5,18.8,2.5,2.5,0.0,3.0,78,14.8,32.8,17.07
2023-05-04,31.5,21.8,25.4,33.0,23.8,3.5,3.5,0.0,6.0,78,22.4,48.2,18.08
2023-05-05,28.0,21.0,23.4,30.1,23.2,8.1,8.1,0.0,12.0,84,17.7,40.0,12.09
2023-05-06,23.3,16.1,20.2,24.5,15.9,9.2,9.2,0.0,14.0,86,12.6,27.4,6.25
2023-05-07,20.0,14.6,17.1,17.2,13.6,7.6,7.6,0.0,9.0,76,26.0,51.8,11.41
2023-05-08,21.5,12.4,17.1,21.1,10.7,0.0,0.0,0.0,0.0,67,15.9,32.8,21.81
2023-05-09,22.2,8.2,16.0,20.9,6.4,0.0,0.0,0.0,0.0,60,14.2,32.4,26.72
2023-05-10,22.9,12.1,17.4,22.6,11.1,0.0,0.0,0.0,0.0,61,14.8,30.6,19.72
2023-05-11,19.1,13.9,16.2,18.2,12.8,2.4,2.4,0.0,7.0,67,10.8,21.2,7.34
2023-05-12,23.1,15.4,19.0,22.4,15.3,0.0,0.0,0.0,0.0,66,14.0,29.5,14.29
2023-05-13,26.6,14.1,20.9,27.8,14.1,0.0,0.0,0.0,0.0,69,11.2,25.9,23.43
2023-05-14,30.6,18.5,24.2,32.9,19.1,0.0,0.0,0.0,0.0,61,10.6,27.4,23.98
2023-05-15,31.9,18.5,25.2,33.1,18.4,0.0,0.0,0.0,0.0,53,14.5,29.2,26.4
2023-05-16,31.2,20.2,25.9,30.2,19.5,0.0,0.0,0.0,0.0,50,24.0,47.9,20.48
2023-05-17,24.4,20.9,22.5,26.9,22.1,17.6,17.6,0.0,18.0,89,22.1,45.4,7.56
2023-05-18,25.2,18.6,22.4,25.5,19.0,0.2,0.2,0.0,1.0,78,26.5,55.4,14.71
2023-05-19,26.3,16.1,20.6,28.2,16.8,0.1,0.1,0.0,1.0,76,12.8,26.6,17.95
2023-05-20,25.0,17.0,20.4,26.9,17.6,0.0,0.0,0.0,0.0,85,14.3,30.6,14.94
2023-05-21,28.9,19.4,23.3,32.8,21.4,5.5,5.5,0.0,8.0,84,12.9,27.7,18.67
2023-05-22,20.7,15.8,18.4,23.0,13.7,10.1,10.1,0.0,14.0,83,24.1,48.6,7.25
2023-05-23,25.9,13.1,19.3,26.6,12.7,0.0,0.0,0.0,0.0,61,14.4,30.2,26.86
2023-05-24,20.0,15.1,17.8,18.4,15.1,3.1,3.1,0.0,8.0,66,16.6,33.8,7.27
2023-05-25,27.0,13.3,20.1,28.7,13.4,0.0,0.0,0.0,0.0,78,15.8,30.6,24.1
2023-05-26,29.0,18.6,23.6,32.5,20.2,8.1,8.1,0.0,3.0,80,13.9,29.2,18.79
2023-05-27,31.0,22.5,26.1,35.5,24.6,4.4,4.4,0.0,8.0,81,16.4,33.8,14.41
2023-05-28,33.8,22.5,27.8,38.2,24.6,0.0,0.0,0.0,0.0,71,14.9,33.5,24.67
2023-05-29,35.7,24.5,28.8,42.1,27.8,0.6,0.6,0.0,1.0,73,12.6,27.4,23.54
2023-05-30,31.5,23.0,26.3,37.0,26.6,0.1,0.1,0.0,1.0,81,12.7,27.7,18.91
2023-05-31,28.5,21.5,24.1,32.1,24.2,0.2,0.2,0.0,2.0,82,12.4,28.1,14.27
2023-06-01,30.6,20.0,24.8,34.8,23.2,0.5,0.5,0.0,3.0,83,9.7,21.6,15.02
2023-06-02,32.4,20.3,26.2,34.9,23.6,0.0,0.0,0.0,0.0,73,13.6,31.0,24.0
2023-06-03,28.0,20.9,24.0,30.6,20.7,0.0,0.0,0.0,0.0,68,18.6,38.5,19.82
2023-06-04,29.2,20.4,23.7,31.1,20.3,0.0,0.0,0.0,0.0,65,19.9,40.3,20.67
2023-06-05,30.8,20.7,24.9,34.1,22.3,3.0,3.0,0.0,8.0,75,18.1,39.2,18.54
2023-06-06,26.6,19.2,22.1,28.9,20.5,3.9,3.9,0.0,7.0,77,13.4,30.2,16.34
2023-06-07,26.8,19.6,23.0,30.7,22.0,31.6,31.6,0.0,17.0,90,10.2,24.5,13.07
2023-06-08,30.0,21.0,25.3,34.0,22.6,2.8,2.8,0.0,8.0,82,13.6,28.1,21.23
2023-06-09,32.7,23.0,27.3,37.8,27.1,0.1,0.1,0.0,1.0,74,9.9,23.8,25.46
2023-06-10,33.8,22.7,27.6,38.7,26.7,0.4,0.4,0.0,1.0,74,15.8,31.3,24.54
2023-06-11,32.2,22.6,26.0,36.8,25.9,2.0,2.0,0.0,3.0,81,11.6,27.0,19.22
2023-06-12,30.4,21.2,24.5,33.9,24.7,0.0,0.0,0.0,0.0,79,18.8,39.2,22.22
2023-06-13,28.0,21.8,23.8,31.3,24.9,5.6,5.6,0.0,11.0,85,13.1,27.4,12.82
2023-06-14,31.4,19.5,25.2,34.7,22.6,0.2,0.2,0.0,2.0,74,13.0,28.1,23.89
2023-06-15,32.2,19.5,25.8,35.7,22.1,0.0,0.0,0.0,0.0,69,14.3,29.9,23.6
2023-06-16,29.9,22.0,24.8,32.9,24.8,3.2,3.2,0.0,4.0,81,13.2,29.9,11.77
2023-06-17,26.2,20.8,23.1,27.8,22.0,10.7,10.7,0.0,17.0,89,21.1,43.6,10.04
2023-06-18,30.4,22.5,25.2,37.0,26.3,35.8,35.8,0.0,16.0,93,12.0,33.5,11.21
2023-06-19,29.5,23.7,26.1,35.3,28.1,33.0,33.0,0.0,14.0,92,13.2,30.2,10.29
2023-06-20,30.0,24.0,26.1,35.2,28.8,25.8,25.8,0.0,17.0,90,12.6,29.9,12.82
2023-06-21,32.0,22.5,26.6,38.1,26.8,0.1,0.1,0.0,1.0,79,9.7,22.3,20.38
2023-06-22,32.0,22.4,26.8,35.2,26.6,0.0,0.0,0.0,0.0,74,9.8,19.4,16.82
2023-06-23,24.5,19.1,22.0,28.8,19.8,33.9,33.9,0.0,11.0,83,17.2,33.1,6.24
2023-06-24,24.9,19.4,22.6,29.7,20.1,121.8,121.8,0.0,24.0,96,17.7,35.3,3.72
2023-06-25,30.0,23.2,26.1,33.9,27.0,6.2,6.2,0.0,11.0,87,18.4,36.7,9.35
2023-06-26,29.0,24.9,26.4,33.7,29.7,11.3,11.3,0.0,17.0,89,17.7,46.4,9.97
2023-06-27,30.4,24.8,27.3,35.7,29.4,3.0,3.0,0.0,7.0,83,15.9,37.1,15.54
2023-06-28,33.8,25.8,29.6,39.8,30.0,0.2,0.2,0.0,1.0,75,14.2,30.2,23.16
2023-06-29,34.5,27.4,30.7,39.7,31.9,0.3,0.3,0.0,1.0,71,20.2,43.9,21.2
2023-06-30,30.5,25.5,28.3,35.9,31.3,11.6,11.6,0.0,11.0,83,16.8,30.6,9.68
2023-07-01,32.4,24.4,27.7,39.9,30.1,12.3,12.3,0.0,5.0,87,10.9,30.2,20.64
2023-07-02,34.2,26.0,28.9,42.5,31.7,9.8,9.8,0.0,5.0,86,9.9,32.8,18.07
2023-07-03,32.4,26.8,29.5,38.9,33.0,8.5,8.5,0.0,3.0,84,14.3,28.8,14.14
2023-07-04,34.7,27.4,30.9,40.5,32.3,0.3,0.3,0.0,2.0,73,19.0,41.4,21.59
2023-07-05,29.6,25.0,26.6,33.5,28.8,42.8,42.8,0.0,14.0,89,16.5,39.2,7.02
2023-07-06,34.3,26.0,30.0,40.6,31.5,0.0,0.0,0.0,0.0,78,16.1,33.5,18.5
2023-07-07,34.8,28.0,31.2,40.2,32.3,0.3,0.3,0.0,2.0,70,22.5,47.9,19.75
2023-07-08,34.0,27.8,30.2,39.4,33.3,11.7,11.7,0.0,5.0,80,17.6,36.7,13.48
2023-07-09,33.0,27.5,29.9,39.2,33.9,5.6,5.6,0.0,7.0,79,15.9,30.2,11.21
2023-07-10,33.7,26.3,29.8,40.5,32.6,3.6,3.6,0.0,2.0,82,12.8,29.9,19.65
2023-07-11,36.5,27.0,31.4,43.4,33.1,0.0,0.0,0.0,0.0,73,12.3,27.0,24.66
2023-07-12,36.3,28.2,32.2,42.2,33.9,0.0,0.0,0.0,0.0,68,14.8,31.3,24.47
2023-07-13,35.5,28.9,32.1,41.5,33.9,0.0,0.0,0.0,0.0,68,17.3,30.6,18.8
2023-07-14,35.8,28.8,31.8,41.3,33.4,0.0,0.0,0.0,0.0,68,16.6,31.7,22.02
2023-07-15,34.2,27.6,30.5,42.7,32.6,3.6,3.6,0.0,3.0,74,15.7,33.8,21.9
2023-07-16,33.5,25.7,28.1,40.9,30.8,9.9,9.9,0.0,12.0,86,12.3,23.8,17.48
2023-07-17,31.6,26.0,28.1,37.7,31.2,2.0,2.0,0.0,8.0,84,19.4,38.5,21.57
2023-07-18,33.0,24.6,28.9,40.4,30.2,1.0,1.0,0.0,4.0,81,9.7,22.7,23.07
2023-07-19,31.5,26.4,28.2,38.3,32.6,12.5,12.5,0.0,17.0,88,13.1,27.7,15.56
2023-07-20,32.5,26.1,27.5,38.9,32.1,19.6,19.6,0.0,19.0,90,9.1,26.3,12.45
2023-07-21,33.3,26.0,28.3,41.1,31.9,6.6,6.6,0.0,10.0,88,16.4,33.1,19.52
2023-07-22,32.5,25.9,27.8,39.0,31.2,25.3,25.3,0.0,20.0,89,14.1,31.3,13.55
2023-07-23,31.5,25.9,27.4,38.0,30.9,15.0,15.0,0.0,8.0,89,13.0,37.4,14.87
2023-07-24,31.9,25.1,28.2,37.7,30.9,14.3,14.3,0.0,7.0,84,12.8,28.4,20.22
2023-07-25,33.3,26.3,29.5,39.5,30.6,0.0,0.0,0.0,0.0,75,19.2,36.4,21.76
2023-07-26,31.6,26.4,28.9,37.0,31.2,1.3,1.3,0.0,6.0,78,18.7,40.7,18.05
2023-07-27,29.2,25.5,27.0,32.8,29.8,6.1,6.1,0.0,13.0,87,22.9,48.2,12.5
2023-07-28,29.1,25.5,26.8,32.0,28.9,34.6,34.6,0.0,24.0,89,30.6,65.9,13.13
2023-07-29,29.7,26.0,27.3,33.2,28.5,20.9,20.9,0.0,18.0,87,28.1,53.3,12.26
2023-07-30,30.5,26.3,28.0,35.0,30.2,3.9,3.9,0.0,7.0,85,19.2,45.0,15.08
2023-07-31,31.6,25.8,28.4,37.7,31.0,0.1,0.1,0.0,1.0,83,21.3,42.8,24.3
2023-08-01,30.6,24.9,27.3,35.8,29.8,1.5,1.5,0.0,9.0,86,20.9,41.4,18.35
2023-08-02,32.4,25.2,28.6,38.2,30.6,0.4,0.4,0.0,4.0,81,16.3,34.2,23.47
2023-08-03,32.7,25.7,28.8,37.4,30.1,0.7,0.7,0.0,6.0,79,20.2,43.9,23.07
2023-08-04,33.0,25.8,29.0,38.3,30.3,0.6,0.6,0.0,5.0,77,17.3,37.1,22.87
2023-08-05,33.2,25.5,29.0,39.5,31.0,1.1,1.1,0.0,9.0,82,13.0,28.1,21.88
2023-08-06,35.1,25.5,30.0,42.4,31.8,0.1,0.1,0.0,1.0,78,12.3,26.3,24.07
2023-08-07,31.6,25.2,27.5,40.1,30.9,25.1,25.1,0.0,17.0,87,12.0,25.2,17.24
2023-08-08,32.2,24.5,28.2,38.0,30.1,1.6,1.6,0.0,8.0,83,10.2,24.1,20.9
2023-08-09,32.5,24.6,28.3,37.5,29.1,0.0,0.0,0.0,0.0,78,13.8,30.2,23.81
2023-08-10,32.2,25.7,28.7,37.9,31.4,0.0,0.0,0.0,0.0,80,14.1,31.0,24.09
2023-08-11,33.7,25.1,29.6,40.2,30.4,0.0,0.0,0.0,0.0,74,11.3,19.8,23.29
2023-08-12,35.4,26.2,30.5,42.1,31.7,0.0,0.0,0.0,0.0,73,10.3,21.2,25.6
2023-08-13,36.3,26.6,30.3,43.1,33.1,0.0,0.0,0.0,0.0,78,15.9,33.1,24.18
2023-08-14,33.9,26.4,29.5,39.6,32.9,3.2,3.2,0.0,4.0,77,12.2,25.2,21.58
2023-08-15,31.3,24.4,27.5,36.7,29.2,23.6,23.6,0.0,10.0,83,11.5,26.6,16.35
2023-08-16,32.8,24.2,28.3,38.7,29.5,0.2,0.2,0.0,2.0,78,10.8,23.0,23.04
2023-08-17,31.7,24.3,27.6,38.0,29.0,10.1,10.1,0.0,9.0,82,9.4,20.9,18.82
2023-08-18,30.7,23.9,26.7,35.8,28.6,13.3,13.3,0.0,8.0,85,16.2,33.5,21.11
2023-08-19,31.1,24.7,27.5,35.9,29.3,4.6,4.6,0.0,9.0,80,18.8,47.5,21.42
2023-08-20,32.2,24.6,28.1,38.2,29.5,1.1,1.1,0.0,5.0,82,17.4,36.0,22.07
2023-08-21,33.0,25.8,28.9,38.4,30.3,0.4,0.4,0.0,2.0,78,14.5,32.8,22.72
2023-08-22,32.5,24.9,27.1,39.0,30.1,20.5,20.5,0.0,9.0,87,12.8,34.9,15.4
2023-08-23,29.9,24.1,26.3,35.1,28.3,3.9,3.9,0.0,8.0,88,11.5,28.1,14.74
2023-08-24,32.3,23.2,27.5,37.8,28.0,0.0,0.0,0.0,0.0,78,8.4,19.1,21.09
2023-08-25,31.4,24.7,27.9,36.4,29.2,1.0,1.0,0.0,6.0,76,13.8,28.8,20.21
2023-08-26,30.5,25.1,27.8,35.9,29.7,1.7,1.7,0.0,7.0,80,20.0,39.6,19.72
2023-08-27,32.0,26.2,28.6,37.7,30.9,1.1,1.1,0.0,3.0,80,17.1,36.0,19.48
2023-08-28,31.8,22.5,27.0,37.5,25.5,28.5,28.5,0.0,13.0,85,16.6,32.8,12.01
2023-08-29,23.8,21.6,22.7,28.4,24.4,42.7,42.7,0.0,24.0,94,12.5,24.5,3.9
2023-08-30,23.8,20.3,22.5,27.1,22.3,13.4,13.4,0.0,15.0,89,17.7,36.4,6.83
2023-08-31,27.2,20.2,23.5,29.6,23.0,2.9,2.9,0.0,6.0,82,12.0,26.3,14.09
2023-09-01,28.5,20.9,24.2,30.3,22.6,0.0,0.0,0.0,0.0,77,16.6,36.4,18.7
2023-09-02,30.1,21.0,25.5,34.2,23.7,0.0,0.0,0.0,0.0,77,16.1,34.2,22.29
2023-09-03,31.0,22.5,26.3,36.5,26.0,1.1,1.1,0.0,9.0,81,13.0,28.8,20.33
2023-09-04,31.9,23.7,27.0,36.1,28.1,1.2,1.2,0.0,6.0,83,17.5,35.3,20.7
2023-09-05,30.1,24.5,26.5,34.1,29.2,4.9,4.9,0.0,8.0,88,12.8,26.6,9.77
2023-09-06,31.2,23.7,26.7,35.7,28.2,1.1,1.1,0.0,5.0,83,10.8,27.7,18.66
2023-09-07,31.2,22.9,26.5,36.0,26.9,0.0,0.0,0.0,0.0,81,13.8,28.1,21.44
2023-09-08,30.5,22.5,26.2,35.2,26.7,0.1,0.1,0.0,1.0,79,14.0,28.8,21.59
2023-09-09,30.0,20.5,25.6,34.1,23.1,0.0,0.0,0.0,0.0,74,12.8,27.0,23.08
2023-09-10,30.6,21.0,26.0,35.6,23.8,0.0,0.0,0.0,0.0,72,12.8,22.7,22.73
2023-09-11,32.4,22.9,27.3,37.1,27.0,0.2,0.2,0.0,2.0,75,12.5,22.7,19.09
2023-09-12,31.2,24.3,27.8,36.3,29.0,0.0,0.0,0.0,0.0,76,18.0,35.6,17.16
2023-09-13,30.9,23.3,26.4,33.7,26.3,37.0,37.0,0.0,6.0,79,15.6,29.9,10.17
2023-09-14,26.8,22.4,23.9,29.7,25.3,15.8,15.8,0.0,13.0,88,12.3,28.4,7.36
2023-09-15,28.7,22.9,24.7,34.5,27.1,40.5,40.5,0.0,23.0,92,8.1,25.6,10.27
2023-09-16,28.2,22.5,24.4,34.0,26.9,6.7,6.7,0.0,12.0,91,10.0,20.2,10.21
2023-09-17,30.4,21.0,25.7,35.4,24.8,0.3,0.3,0.0,3.0,83,11.8,21.2,20.11
2023-09-18,32.1,22.7,27.3,37.7,27.0,0.0,0.0,0.0,0.0,81,13.3,25.9,20.98
2023-09-19,33.4,24.8,28.9,39.0,29.5,0.0,0.0,0.0,0.0,77,15.3,27.0,20.04
2023-09-20,30.1,23.3,27.1,35.0,26.6,12.0,12.0,0.0,12.0,81,17.8,34.6,11.09
2023-09-21,24.5,20.0,22.8,26.7,22.0,9.8,9.8,0.0,15.0,87,13.5,29.9,7.89
2023-09-22,22.4,20.0,21.3,24.7,21.9,5.6,5.6,0.0,19.0,89,12.3,24.5,5.48
2023-09-23,23.8,19.3,20.6,24.5,20.3,5.9,5.9,0.0,19.0,87,16.6,37.8,6.62
2023-09-24,27.1,20.1,23.4,31.3,22.1,1.1,1.1,0.0,9.0,90,10.5,22.7,8.93
2023-09-25,28.9,21.2,25.1,33.2,25.2,1.4,1.4,0.0,6.0,87,11.3,23.8,14.18
2023-09-26,29.2,22.5,25.5,35.1,26.9,1.6,1.6,0.0,9.0,86,10.1,18.7,16.23
2023-09-27,30.6,22.4,26.1,35.7,26.4,0.0,0.0,0.0,0.0,83,12.0,23.8,19.22
2023-09-28,30.0,23.5,26.1,35.4,28.2,2.5,2.5,0.0,7.0,85,11.0,22.3,15.85
2023-09-29,30.5,23.2,26.3,35.8,27.8,1.1,1.1,0.0,2.0,84,14.1,28.8,18.69
2023-09-30,26.1,21.8,24.2,28.7,24.1,0.1,0.1,0.0,1.0,83,19.3,40.7,14.79
2023-10-01,26.4,18.7,22.2,27.8,18.8,0.0,0.0,0.0,0.0,74,14.3,32.8,16.51
2023-10-02,26.1,17.1,21.4,26.8,17.5,0.0,0.0,0.0,0.0,67,14.5,29.2,17.82
2023-10-03,26.4,18.5,22.4,28.1,18.8,0.0,0.0,0.0,0.0,71,11.0,24.8,10.17
2023-10-04,26.7,19.5,22.5,27.6,19.5,0.0,0.0,0.0,0.0,71,16.1,33.1,11.91
2023-10-05,24.4,17.2,20.5,22.9,16.3,0.0,0.0,0.0,0.0,67,21.7,45.0,14.99
2023-10-06,22.3,16.8,19.4,22.0,15.7,0.3,0.3,0.0,2.0,71,13.9,28.4,4.83
2023-10-07,21.4,16.9,19.0,21.7,16.6,3.3,3.3,0.0,14.0,80,17.3,32.8,4.4
2023-10-08,22.4,16.8,18.9,21.9,16.8,1.6,1.6,0.0,8.0,81,14.8,31.7,9.99
2023-10-09,21.6,15.6,18.2,21.4,16.0,0.3,0.3,0.0,3.0,86,13.8,29.2,5.31
2023-10-10,24.2,15.7,19.6,24.1,16.0,0.5,0.5,0.0,3.0,72,13.4,29.9,15.96
2023-10-11,23.9,15.9,19.4,23.9,16.3,0.7,0.7,0.0,3.0,75,12.1,27.0,16.4
2023-10-12,23.9,14.3,19.0,24.7,14.0,1.1,1.1,0.0,4.0,77,11.1,26.3,13.8
2023-10-13,22.4,16.3,19.2,22.9,17.4,1.2,1.2,0.0,5.0,86,15.0,32.0,11.66
2023-10-14,23.9,14.9,18.7,23.7,14.9,0.0,0.0,0.0,0.0,76,13.0,27.0,13.66
2023-10-15,25.2,13.4,18.8,25.5,13.0,0.0,0.0,0.0,0.0,73,14.1,29.5,17.1
2023-10-16,25.6,13.3,19.0,26.6,13.0,0.0,0.0,0.0,0.0,71,11.0,24.1,17.74
2023-10-17,25.3,13.6,19.1,25.6,13.2,0.0,0.0,0.0,0.0,75,12.7,23.4,17.96
2023-10-18,26.0,15.1,20.1,26.3,15.7,0.0,0.0,0.0,0.0,77,11.5,24.8,17.61
2023-10-19,27.5,15.4,21.4,29.4,16.1,0.0,0.0,0.0,0.0,75,11.6,21.6,14.77
2023-10-20,20.9,14.4,17.2,21.6,11.8,0.2,0.2,0.0,2.0,67,23.2,46.4,6.34
2023-10-21,20.4,10.9,15.2,19.6,10.2,0.0,0.0,0.0,0.0,68,12.3,23.8,17.35
2023-10-22,22.7,11.2,17.3,22.3,10.2,0.0,0.0,0.0,0.0,70,13.7,26.3,14.8
2023-10-23,24.9,14.4,19.4,25.8,14.0,0.0,0.0,0.0,0.0,75,12.9,24.8,15.16
2023-10-24,26.7,16.0,20.8,28.2,16.9,0.0,0.0,0.0,0.0,77,8.5,19.8,15.99
2023-10-25,26.2,15.9,20.7,27.7,17.1,0.0,0.0,0.0,0.0,81,6.2,11.2,11.4
2023-10-26,27.1,17.4,21.3,28.7,18.7,0.1,0.1,0.0,1.0,82,7.9,19.4,13.87
2023-10-27,24.9,16.2,19.6,25.7,17.5,0.2,0.2,0.0,2.0,80,11.3,20.9,11.53
2023-10-28,23.0,16.2,18.8,22.0,15.7,0.0,0.0,0.0,0.0,68,13.8,28.1,11.49
2023-10-29,23.6,15.1,19.1,23.0,15.2,0.0,0.0,0.0,0.0,73,16.4,35.3,15.54
2023-10-30,25.5,15.1,20.1,26.5,15.6,0.0,0.0,0.0,0.0,75,11.2,22.0,15.14
2023-10-31,26.8,15.2,20.2,27.5,15.7,0.0,0.0,0.0,0.0,74,12.0,21.6,15.78
2023-11-01,28.0,15.8,20.7,26.8,15.3,0.0,0.0,0.0,0.0,63,14.5,24.8,15.86
2023-11-02,27.6,15.1,20.7,26.8,14.9,0.0,0.0,0.0,0.0,68,13.3,29.5,15.2
2023-11-03,28.0,16.6,21.8,29.7,17.3,0.0,0.0,0.0,0.0,71,11.4,20.5,14.3
2023-11-04,27.2,19.2,22.5,30.0,21.3,2.0,2.0,0.0,3.0,84,13.8,31.7,13.05
2023-11-05,31.2,19.7,24.7,30.8,21.5,0.8,0.8,0.0,3.0,72,21.1,45.7,14.56
2023-11-06,19.2,11.5,15.9,17.8,8.1,0.3,0.3,0.0,3.0,57,27.4,53.6,12.59
2023-11-07,18.8,7.4,13.2,17.3,5.1,0.0,0.0,0.0,0.0,58,12.8,22.7,15.36
2023-11-08,18.1,11.4,15.1,16.6,9.8,0.5,0.5,0.0,3.0,72,13.0,27.7,6.25
2023-11-09,22.0,13.9,17.4,23.5,13.9,10.9,10.9,0.0,14.0,88,12.8,23.4,6.56
2023-11-10,16.6,12.7,14.4,16.7,10.2,3.5,3.5,0.0,15.0,81,20.9,39.2,2.41
2023-11-11,15.6,12.3,13.6,13.4,9.8,0.7,0.7,0.0,4.0,70,15.7,31.7,3.92
2023-11-12,12.1,6.9,10.3,10.1,2.3,1.2,1.2,0.0,7.0,74,21.6,43.6,5.38
2023-11-13,11.1,4.4,7.4,7.4,-0.4,0.0,0.0,0.0,0.0,52,16.4,34.9,14.52
2023-11-14,14.4,3.7,8.7,11.9,1.2,0.0,0.0,0.0,0.0,67,8.8,22.3,14.25
2023-11-15,16.5,4.0,10.3,14.8,1.0,0.0,0.0,0.0,0.0,70,9.4,19.1,14.14
2023-11-16,14.5,8.9,11.5,12.6,4.3,7.3,7.3,0.0,10.0,68,28.5,56.5,9.77
2023-11-17,16.1,5.2,10.1,9.9,1.3,0.0,0.0,0.0,0.0,51,27.0,57.6,14.34
2023-11-18,13.0,3.8,7.7,8.3,-0.2,0.0,0.0,0.0,0.0,53,16.1,34.9,14.49
2023-11-19,18.6,4.6,10.4,16.1,1.0,0.0,0.0,0.0,0.0,65,10.7,25.2,14.25
2023-11-20,19.5,5.5,12.1,18.1,3.2,0.0,0.0,0.0,0.0,72,11.2,19.8,13.98
2023-11-21,21.2,8.2,13.7,19.0,6.2,0.0,0.0,0.0,0.0,73,11.8,22.3,13.87
2023-11-22,23.2,9.5,15.2,22.1,8.0,0.0,0.0,0.0,0.0,74,10.0,23.8,13.24
2023-11-23,21.3,10.0,15.4,18.9,6.9,0.0,0.0,0.0,0.0,64,23.1,46.1,13.16
2023-11-24,12.5,5.5,8.6,8.1,2.3,0.0,0.0,0.0,0.0,60,13.7,30.6,13.38
2023-11-25,13.9,4.6,9.8,10.3,1.5,0.2,0.2,0.0,1.0,70,19.0,38.2,5.86
2023-11-26,16.5,8.7,12.0,15.6,6.9,0.0,0.0,0.0,0.0,78,10.0,18.0,7.89
2023-11-27,18.9,10.4,13.7,15.6,8.6,0.0,0.0,0.0,0.0,64,14.1,31.3,13.04
2023-11-28,17.6,8.4,12.5,14.4,5.5,0.0,0.0,0.0,0.0,61,15.5,28.1,13.27
2023-11-29,21.5,9.3,13.9,19.0,6.6,0.0,0.0,0.0,0.0,63,19.5,39.2,12.72
2023-11-30,11.2,6.6,8.9,7.9,2.0,0.0,0.0,0.0,0.0,56,18.4,36.0,11.4
2023-12-01,8.6,2.0,5.3,3.7,-1.6,0.0,0.0,0.0,0.0,45,16.3,33.1,13.24
2023-12-02,12.1,-0.3,5.8,9.1,-4.3,0.0,0.0,0.0,0.0,55,8.4,14.4,12.8
2023-12-03,13.4,1.4,6.5,10.0,-1.9,0.0,0.0,0.0,0.0,63,11.7,20.2,12.14
2023-12-04,9.0,3.5,6.4,7.6,0.7,1.0,1.0,0.0,5.0,89,10.1,13.7,2.25
2023-12-05,17.5,3.5,8.9,14.5,1.0,0.0,0.0,0.0,0.0,78,12.7,29.9,11.76
2023-12-06,18.2,5.5,11.2,13.1,2.4,0.0,0.0,0.0,0.0,61,28.0,55.8,11.98
2023-12-07,20.0,3.8,11.8,16.4,0.9,0.0,0.0,0.0,0.0,56,14.1,29.9,12.64
2023-12-08,23.0,9.5,15.3,19.9,6.4,0.0,0.0,0.0,0.0,49,14.2,31.7,12.81
2023-12-09,22.5,14.4,17.3,22.2,11.9,0.0,0.0,0.0,0.0,54,9.8,22.3,6.84
2023-12-10,22.6,11.9,16.1,22.8,11.9,0.0,0.0,0.0,0.0,83,13.9,28.1,9.59
2023-12-11,13.1,6.8,10.8,12.3,2.3,12.6,12.6,0.0,8.0,85,26.4,51.5,3.39
2023-12-12,8.1,4.6,6.3,3.9,1.1,0.5,0.5,0.0,4.0,74,20.5,42.5,6.66
2023-12-13,15.1,5.4,10.2,12.7,2.6,0.0,0.0,0.0,0.0,73,14.1,31.7,11.01
2023-12-14,24.2,10.9,16.6,24.6,10.0,0.0,0.0,0.0,0.0,77,10.3,24.1,11.31
2023-12-15,15.1,3.7,8.2,15.5,-2.0,9.3,9.3,0.0,13.0,86,25.1,47.9,2.35
2023-12-16,3.3,-0.9,1.4,-2.4,-6.7,1.6,1.4,0.14,7.0,59,29.5,59.8,9.28
2023-12-17,2.2,-4.0,-0.8,-3.4,-9.4,0.0,0.0,0.0,0.0,44,16.3,36.0,12.39
2023-12-18,2.2,0.4,1.3,-1.0,-3.9,13.2,12.2,0.77,15.0,81,13.0,25.9,1.35
2023-12-19,3.7,1.4,2.7,-0.2,-2.7,2.5,2.5,0.0,10.0,91,19.7,38.2,1.85
2023-12-20,4.2,-1.8,0.9,-1.8,-6.9,0.0,0.0,0.0,0.0,59,20.2,42.5,11.95
2023-12-21,-0.8,-4.6,-2.9,-7.5,-10.3,0.0,0.0,0.0,0.0,48,24.0,48.6,12.48
2023-12-22,0.1,-5.9,-3.6,-5.7,-11.5,0.0,0.0,0.0,0.0,49,15.8,35.3,12.12
2023-12-23,3.2,-5.6,-1.8,-0.6,-10.0,0.0,0.0,0.0,0.0,57,8.0,16.6,9.52
2023-12-24,6.7,-4.6,0.3,1.8,-8.7,0.0,0.0,0.0,0.0,66,16.1,34.9,12.29
2023-12-25,7.9,-3.2,1.1,4.2,-7.2,0.0,0.0,0.0,0.0,69,9.7,20.5,12.36
2023-12-26,11.6,-1.6,4.0,7.9,-5.8,0.0,0.0,0.0,0.0,73,10.2,19.8,10.13
2023-12-27,13.9,-0.3,5.3,11.7,-3.4,0.0,0.0,0.0,0.0,85,9.3,16.9,11.52
2023-12-28,13.2,0.9,6.1,11.5,-1.9,0.0,0.0,0.0,0.0,90,8.8,19.4,9.95
2023-12-29,11.6,4.8,7.2,9.7,3.0,0.0,0.0,0.0,0.0,92,11.2,24.5,7.96
2023-12-30,16.0,5.7,9.7,15.0,3.5,0.0,0.0,0.0,0.0,88,13.3,23.4,8.95
2023-12-31,10.8,2.2,7.0,7.0,-1.0,0.0,0.0,0.0,0.0,75,18.8,37.1,12.55
2024-01-01,9.0,0.4,3.7,6.2,-2.6,0.0,0.0,0.0,0.0,76,10.0,21.6,11.76
2024-01-02,11.2,0.1,5.7,8.6,-3.1,0.6,0.6,0.0,3.0,81,11.4,26.3,10.75
2024-01-03,8.8,0.3,4.9,4.4,-3.2,1.3,1.3,0.0,4.0,81,19.1,40.0,10.06
2024-01-04,11.9,-2.0,4.3,8.4,-5.5,0.0,0.0,0.0,0.0,80,11.3,24.8,12.09
2024-01-05,15.1,2.4,7.6,12.3,-0.7,0.0,0.0,0.0,0.0,69,9.7,20.5,10.68
2024-01-06,14.0,1.5,7.0,11.2,-1.2,0.0,0.0,0.0,0.0,78,13.0,27.7,12.23
2024-01-07,9.4,0.6,4.4,5.7,-2.6,0.0,0.0,0.0,0.0,73,11.7,27.7,10.99
2024-01-08,8.5,0.6,4.8,5.3,-3.3,0.5,0.5,0.0,3.0,79,15.0,31.3,4.85
2024-01-09,14.6,2.1,8.6,12.2,-0.8,0.0,0.0,0.0,0.0,80,18.2,32.4,9.81
2024-01-10,8.6,-0.4,4.8,4.4,-4.0,0.0,0.0,0.0,0.0,73,24.7,51.8,11.69
2024-01-11,13.1,-3.5,4.5,9.6,-7.5,0.0,0.0,0.0,0.0,67,9.4,23.8,13.31
2024-01-12,17.6,1.5,8.2,14.6,-1.8,0.0,0.0,0.0,0.0,65,9.5,20.2,13.1
2024-01-13,17.2,1.9,8.9,14.8,-1.4,0.0,0.0,0.0,0.0,69,14.7,28.1,13.11
2024-01-14,21.8,5.6,12.1,18.9,2.1,0.1,0.1,0.0,1.0,55,22.7,41.8,13.16
2024-01-15,8.1,2.3,5.4,4.0,-1.8,0.0,0.0,0.0,0.0,65,16.6,34.6,10.42
2024-01-16,11.8,-0.9,5.9,7.3,-4.2,0.0,0.0,0.0,0.0,71,20.0,39.6,12.59
2024-01-17,19.7,6.0,11.3,18.4,3.1,0.0,0.0,0.0,0.0,70,13.0,25.9,12.9
2024-01-18,11.4,6.2,8.4,9.0,3.9,2.5,2.5,0.0,9.0,87,13.6,27.0,5.84
2024-01-19,11.2,6.9,9.0,9.0,4.2,4.8,4.8,0.0,10.0,90,13.0,24.1,2.77
2024-01-20,6.6,4.7,5.6,3.5,0.1,10.6,10.6,0.0,14.0,87,24.2,47.5,3.61
2024-01-21,6.3,2.7,4.6,1.5,-2.6,0.2,0.2,0.0,2.0,77,21.0,42.5,4.53
2024-01-22,2.0,-2.8,-0.6,-3.3,-8.9,0.0,0.0,0.0,0.0,54,23.0,47.5,8.41
2024-01-23,0.2,-5.4,-2.7,-6.6,-11.5,0.0,0.0,0.0,0.0,47,25.7,52.6,13.9
2024-01-24,4.0,-4.8,-0.9,-1.7,-9.8,0.0,0.0,0.0,0.0,49,18.1,39.2,14.53
2024-01-25,6.8,-3.5,1.0,2.6,-7.2,0.0,0.0,0.0,0.0,58,12.0,26.3,14.28
2024-01-26,7.8,-4.0,1.6,4.2,-8.1,0.0,0.0,0.0,0.0,61,9.9,23.0,11.19
2024-01-27,8.1,-2.7,2.2,4.1,-6.4,0.0,0.0,0.0,0.0,67,12.7,26.6,10.28
2024-01-28,10.1,-2.3,3.2,6.3,-5.9,0.0,0.0,0.0,0.0,62,13.0,29.9,14.91
2024-01-29,11.3,3.1,7.1,6.9,-0.2,2.0,2.0,0.0,6.0,65,14.2,32.0,7.66
2024-01-30,14.1,7.2,9.6,12.6,4.3,2.3,2.3,0.0,8.0,91,13.8,24.8,8.19
2024-01-31,18.0,9.0,11.7,18.6,7.7,3.8,3.8,0.0,12.0,92,8.9,20.9,8.23
2024-02-01,10.6,4.8,8.5,10.0,1.0,10.3,10.3,0.0,16.0,92,16.9,33.8,2.55
2024-02-02,6.7,3.1,4.7,2.9,-0.4,5.7,5.7,0.0,10.0,83,15.1,30.6,4.5
2024-02-03,6.4,3.7,4.8,3.1,0.3,10.7,10.7,0.0,14.0,90,14.2,29.2,2.93
2024-02-04,5.5,2.8,4.0,2.8,-2.3,14.6,14.6,0.0,9.0,91,22.3,41.8,2.14
2024-02-05,4.4,0.8,2.5,-1.1,-4.7,0.0,0.0,0.0,0.0,73,25.5,50.4,10.12
2024-02-06,2.3,0.5,1.3,-1.5,-3.6,6.4,0.7,3.99,17.0,82,11.2,23.4,2.64
2024-02-07,4.8,-1.3,2.3,1.0,-4.9,1.8,0.7,0.77,7.0,83,13.8,28.4,3.8
2024-02-08,7.6,-2.0,2.2,4.0,-5.6,0.0,0.0,0.0,0.0,72,11.6,27.4,15.1
2024-02-09,10.1,-1.6,3.8,6.9,-5.2,0.0,0.0,0.0,0.0,70,10.2,25.6,16.2
2024-02-10,14.6,0.3,6.4,11.7,-3.3,0.0,0.0,0.0,0.0,71,12.2,27.7,16.39
2024-02-11,15.1,3.5,8.5,12.5,0.3,0.0,0.0,0.0,0.0,69,18.3,32.8,16.51
2024-02-12,18.0,3.5,9.9,14.9,0.1,0.0,0.0,0.0,0.0,64,15.4,31.7,16.86
2024-02-13,21.0,7.8,13.5,19.0,4.8,0.2,0.2,0.0,2.0,69,17.3,36.7,14.76
2024-02-14,22.8,9.6,15.9,22.9,7.7,0.0,0.0,0.0,0.0,76,11.4,23.4,15.86
2024-02-15,13.8,4.4,8.1,12.3,0.3,7.6,7.6,0.0,12.0,85,25.3,50.4,2.44
2024-02-16,9.9,1.3,5.5,7.7,-1.6,0.0,0.0,0.0,0.0,67,14.5,26.3,16.65
2024-02-17,17.0,4.3,10.8,15.4,1.0,0.0,0.0,0.0,0.0,75,13.4,27.0,12.99
2024-02-18,25.6,12.1,18.2,24.8,10.3,0.1,0.1,0.0,1.0,73,20.0,40.0,14.39
2024-02-19,22.7,8.4,16.8,23.5,5.7,5.0,5.0,0.0,8.0,84,19.1,37.4,11.92
2024-02-20,11.9,8.3,9.6,9.6,5.5,1.1,1.1,0.0,4.0,84,14.3,28.8,4.05
2024-02-21,8.6,3.5,6.8,6.6,-0.8,29.0,29.0,0.0,22.0,91,19.8,37.4,2.8
2024-02-22,3.7,1.1,2.4,-0.9,-3.4,9.9,9.9,0.0,20.0,86,19.5,40.3,4.22
2024-02-23,3.2,0.2,1.8,-1.3,-4.5,1.7,1.7,0.0,8.0,77,19.6,40.0,5.96
2024-02-24,3.2,0.2,1.8,-1.4,-4.8,8.1,8.1,0.0,17.0,85,18.3,36.7,3.98
2024-02-25,3.8,-0.6,1.4,-0.5,-5.8,0.6,0.3,0.21,1.0,70,22.4,45.7,9.87
2024-02-26,8.3,1.6,4.5,4.3,-2.4,0.0,0.0,0.0,0.0,65,12.4,28.8,9.4
2024-02-27,9.3,1.5,4.9,5.9,-2.1,0.0,0.0,0.0,0.0,71,10.7,24.5,12.87
2024-02-28,6.6,2.6,5.1,4.4,-0.5,13.3,13.3,0.0,20.0,94,9.7,16.9,1.81
2024-02-29,6.4,4.0,5.2,3.1,0.1,17.1,17.1,0.0,18.0,89,23.4,46.1,3.47
2024-03-01,8.3,1.5,4.5,4.3,-1.7,0.0,0.0,0.0,0.0,67,18.0,37.1,11.97
2024-03-02,10.3,-2.7,3.4,7.4,-6.6,0.0,0.0,0.0,0.0,71,11.2,24.8,17.2
2024-03-03,14.1,-0.3,6.8,12.6,-4.0,0.0,0.0,0.0,0.0,71,17.6,34.6,19.41
2024-03-04,16.9,7.6,11.2,16.8,4.5,3.8,3.8,0.0,7.0,83,13.0,27.0,7.96
2024-03-05,14.4,8.5,10.6,11.5,5.3,8.1,8.1,0.0,16.0,93,20.6,41.4,5.73
2024-03-06,9.8,4.4,7.6,5.9,1.7,0.6,0.6,0.0,4.0,76,18.9,36.7,6.83
2024-03-07,12.6,0.4,6.5,10.2,-2.8,0.0,0.0,0.0,0.0,69,11.4,27.0,19.3
2024-03-08,12.0,3.2,7.6,8.5,-0.2,0.0,0.0,0.0,0.0,65,18.4,39.2,19.72
2024-03-09,13.2,0.9,7.1,12.1,-2.4,0.0,0.0,0.0,0.0,72,13.9,25.9,19.39
2024-03-10,13.9,4.0,8.5,11.3,0.6,0.0,0.0,0.0,0.0,76,18.4,38.2,20.39
2024-03-11,18.5,6.8,11.7,16.0,3.8,1.7,1.7,0.0,7.0,76,15.3,32.0,10.54
2024-03-12,18.0,4.1,11.6,15.5,1.1,0.2,0.2,0.0,1.0,71,21.2,43.6,19.24
2024-03-13,14.4,1.4,8.1,11.6,-1.7,0.0,0.0,0.0,0.0,70,15.3,32.8,19.63
2024-03-14,14.1,7.8,10.6,12.7,6.2,0.1,0.1,0.0,1.0,79,8.8,16.2,4.13
2024-03-15,18.5,5.8,11.8,17.6,3.9,0.0,0.0,0.0,0.0,85,17.5,37.1,18.1
2024-03-16,23.1,10.6,16.0,24.4,9.3,0.5,0.5,0.0,2.0,82,11.8,25.2,17.57
2024-03-17,16.2,8.4,13.0,15.5,5.1,0.2,0.2,0.0,1.0,81,20.3,41.0,5.38
2024-03-18,11.5,7.3,9.2,9.3,4.8,2.9,2.9,0.0,6.0,74,11.4,28.4,8.14
2024-03-19,17.5,5.6,11.2,14.9,3.5,0.0,0.0,0.0,0.0,72,18.9,39.6,21.17
2024-03-20,18.0,3.7,10.5,15.9,1.0,0.0,0.0,0.0,0.0,67,15.0,30.2,21.82
2024-03-21,21.1,5.4,13.1,19.4,2.9,0.0,0.0,0.0,0.0,64,19.4,35.3,20.6
2024-03-22,25.8,11.6,18.0,25.4,8.5,0.0,0.0,0.0,0.0,60,18.5,38.9,20.01
2024-03-23,26.9,16.9,20.0,28.5,16.7,5.2,5.2,0.0,8.0,76,11.3,27.4,11.45
2024-03-24,26.8,14.3,20.5,30.1,13.8,6.4,6.4,0.0,6.0,87,12.7,31.3,15.23
2024-03-25,25.8,11.4,16.5,28.0,7.2,2.1,2.1,0.0,8.0,83,26.7,52.2,14.14
2024-03-26,15.4,9.9,12.4,13.0,6.5,0.0,0.0,0.0,0.0,72,23.9,46.4,11.9
2024-03-27,18.4,8.6,13.1,16.5,5.8,1.7,1.7,0.0,1.0,78,19.7,41.8,16.79
2024-03-28,17.8,11.2,14.2,15.8,10.2,30.5,30.5,0.0,13.0,85,21.2,42.1,8.05
2024-03-29,26.2,11.7,19.0,26.1,10.4,0.0,0.0,0.0,0.0,68,19.1,40.0,22.09
2024-03-30,28.3,16.0,21.3,28.6,14.6,0.0,0.0,0.0,0.0,60,12.4,25.9,18.46
2024-03-31,20.9,13.2,16.1,21.4,12.5,0.8,0.8,0.0,2.0,83,16.3,37.1,11.02
2024-04-01,24.2,12.1,18.1,25.4,11.3,5.8,5.8,0.0,2.0,80,23.3,43.6,20.71
2024-04-02,26.5,16.2,20.7,29.9,15.6,33.4,33.4,0.0,16.0,86,17.2,36.0,12.13
2024-04-03,20.9,14.8,19.1,23.2,13.8,10.4,10.4,0.0,11.0,84,23.8,49.7,10.02
2024-04-04,17.0,11.9,14.0,14.9,9.8,3.9,3.9,0.0,9.0,66,10.8,22.3,8.45
2024-04-05,18.9,9.5,13.2,18.1,7.9,1.0,1.0,0.0,2.0,73,13.7,28.4,18.48
2024-04-06,16.7,11.3,13.3,15.4,10.2,7.4,7.4,0.0,12.0,85,13.4,29.5,7.8
2024-04-07,14.1,12.1,12.9,12.7,10.5,7.4,7.4,0.0,18.0,91,13.4,27.4,4.71
2024-04-08,14.9,10.9,12.9,13.8,9.7,8.5,8.5,0.0,16.0,92,12.9,27.7,4.66
2024-04-09,22.5,9.4,15.1,22.8,8.2,0.0,0.0,0.0,0.0,76,12.7,23.8,22.89
2024-04-10,19.4,11.2,14.9,18.9,9.7,0.0,0.0,0.0,0.0,77,21.0,40.7,18.19
2024-04-11,23.4,13.6,17.4,25.5,11.9,6.2,6.2,0.0,3.0,80,14.8,31.0,15.33
2024-04-12,22.4,14.7,17.7,24.8,14.4,7.8,7.8,0.0,11.0,89,11.5,24.5,11.46
2024-04-13,20.9,13.7,16.6,21.3,13.6,0.0,0.0,0.0,0.0,88,19.1,38.2,16.84
2024-04-14,26.5,14.9,19.6,28.9,13.9,10.4,10.4,0.0,10.0,88,19.3,35.6,12.36
2024-04-15,27.1,15.4,21.1,29.3,15.3,0.0,0.0,0.0,0.0,84,14.6,29.2,20.01
2024-04-16,26.2,15.9,20.0,29.9,16.0,14.1,14.1,0.0,6.0,88,17.3,33.5,14.99
2024-04-17,17.5,13.1,15.3,16.5,12.3,22.8,22.8,0.0,18.0,93,17.4,37.8,4.77
2024-04-18,22.6,9.0,15.4,23.4,7.5,0.0,0.0,0.0,0.0,74,16.1,29.2,24.43
2024-04-19,20.1,11.9,16.6,18.2,9.5,2.0,2.0,0.0,1.0,68,20.1,43.6,10.93
2024-04-20,23.4,16.5,19.6,23.0,16.8,10.6,10.6,0.0,5.0,80,20.3,42.5,14.89
2024-04-21,21.8,14.9,17.7,22.3,15.4,16.3,16.3,0.0,12.0,82,11.9,22.0,14.51
2024-04-22,19.9,14.6,16.4,19.5,14.2,5.4,5.4,0.0,7.0,84,15.1,30.2,10.52
2024-04-23,21.7,14.3,16.8,22.2,14.0,6.3,6.3,0.0,11.0,87,10.9,24.5,10.4
2024-04-24,24.1,14.2,19.1,25.6,14.5,0.0,0.0,0.0,0.0,61,14.8,27.0,24.61
2024-04-25,23.0,14.4,18.2,21.3,12.9,17.1,17.1,0.0,5.0,58,17.1,36.4,12.73
2024-04-26,23.5,14.4,17.8,25.8,13.9,2.6,2.6,0.0,3.0,85,15.5,32.4,16.94
2024-04-27,22.6,15.6,18.7,23.1,16.1,0.2,0.2,0.0,2.0,86,19.5,39.6,14.21
2024-04-28,24.4,17.0,20.3,26.9,16.2,5.9,5.9,0.0,8.0,87,20.0,39.6,13.31
2024-04-29,24.1,18.4,20.5,25.4,19.0,5.4,5.4,0.0,2.0,84,17.4,36.7,18.82
2024-04-30,18.5,12.9,15.4,19.2,11.8,23.2,23.2,0.0,19.0,90,18.8,40.7,3.97
2024-05-01,20.1,11.6,15.2,20.1,9.4,4.5,4.5,0.0,9.0,73,14.1,27.7,20.66
2024-05-02,21.0,9.4,15.9,21.5,7.8,0.0,0.0,0.0,0.0,72,13.8,26.3,19.36
2024-05-03,20.2,13.9,16.9,19.3,13.8,1.7,1.7,0.0,4.0,77,19.1,39.2,16.62
2024-05-04,19.9,13.5,16.8,20.5,11.9,5.6,5.6,0.0,17.0,85,16.3,32.8,8.9
2024-05-05,22.0,17.4,19.5,23.7,18.2,7.9,7.9,0.0,12.0,89,14.0,29.5,9.33
2024-05-06,25.6,17.9,21.2,26.3,19.2,0.7,0.7,0.0,7.0,75,12.6,27.7,18.7
2024-05-07,25.9,15.4,20.1,29.5,15.9,1.7,1.7,0.0,1.0,81,9.4,23.4,18.75
2024-05-08,23.8,14.1,18.7,23.9,13.4,0.0,0.0,0.0,0.0,73,15.1,32.8,25.26
2024-05-09,22.6,11.9,17.4,22.5,10.9,0.0,0.0,0.0,0.0,72,19.4,35.3,22.74
2024-05-10,27.6,13.6,21.0,29.2,12.2,0.0,0.0,0.0,0.0,66,13.8,28.1,25.46
2024-05-11,26.5,19.7,22.5,29.2,20.8,12.8,12.8,0.0,19.0,84,14.8,30.2,10.97
2024-05-12,21.4,13.4,18.6,24.3,12.3,2.5,2.5,0.0,8.0,78,15.0,29.2,10.65
2024-05-13,25.6,11.1,18.5,27.1,9.7,0.0,0.0,0.0,0.0,61,11.9,23.0,25.98
2024-05-14,25.7,11.9,19.0,27.2,10.2,0.0,0.0,0.0,0.0,59,12.8,26.6,26.81
2024-05-15,26.0,12.7,18.5,27.8,11.7,0.0,0.0,0.0,0.0,69,26.3,54.4,25.77
2024-05-16,25.1,9.8,17.9,24.7,8.0,0.0,0.0,0.0,0.0,60,14.0,26.3,27.42
2024-05-17,30.2,15.0,22.4,32.1,13.2,0.0,0.0,0.0,0.0,60,13.6,27.4,25.89
2024-05-18,29.1,18.1,23.1,31.9,19.0,0.0,0.0,0.0,0.0,73,18.4,36.4,26.03
2024-05-19,26.4,17.8,21.8,28.9,18.4,0.0,0.0,0.0,0.0,78,20.9,41.0,24.32
2024-05-20,27.6,19.2,22.8,31.1,20.5,0.0,0.0,0.0,0.0,82,15.7,32.8,18.49
2024-05-21,25.5,19.6,21.9,26.8,19.8,0.2,0.2,0.0,2.0,81,19.7,41.4,13.95
2024-05-22,24.7,18.2,20.9,26.3,19.2,0.0,0.0,0.0,0.0,77,12.5,28.8,14.4
2024-05-23,27.2,18.9,22.5,30.6,20.3,0.0,0.0,0.0,0.0,79,17.7,36.4,22.09
2024-05-24,28.7,19.6,23.6,33.3,21.9,0.0,0.0,0.0,0.0,82,18.7,36.4,24.18
2024-05-25,29.5,21.0,24.8,33.1,23.0,0.1,0.1,0.0,1.0,82,18.0,37.1,19.9
2024-05-26,32.8,23.0,26.4,38.4,26.0,23.9,23.9,0.0,8.0,82,14.3,35.3,20.49
2024-05-27,23.1,16.5,20.5,27.4,14.7,11.8,11.8,0.0,12.0,91,22.4,43.6,4.1
2024-05-28,26.2,15.4,20.3,26.4,14.8,0.0,0.0,0.0,0.0,67,14.5,30.2,27.3
2024-05-29,24.3,13.4,19.5,24.7,12.9,0.0,0.0,0.0,0.0,69,21.0,41.4,25.71
2024-05-30,27.5,17.2,21.5,30.2,18.1,4.3,4.3,0.0,9.0,81,13.4,27.7,14.54
2024-05-31,21.6,18.9,20.1,24.3,21.2,23.9,23.9,0.0,18.0,92,10.3,22.0,4.58
2024-06-01,23.0,17.5,20.2,25.2,19.3,0.2,0.2,0.0,1.0,86,12.6,23.4,8.8
2024-06-02,25.2,17.4,20.8,25.7,18.1,0.0,0.0,0.0,0.0,72,16.3,35.6,23.39
2024-06-03,28.2,18.1,22.9,30.1,19.2,0.0,0.0,0.0,0.0,64,8.3,20.5,23.99
2024-06-04,28.0,18.7,22.8,30.2,19.6,0.0,0.0,0.0,0.0,73,13.0,23.8,19.18
2024-06-05,23.0,17.9,20.5,24.3,17.6,11.8,11.8,0.0,17.0,87,16.4,30.2,5.72
2024-06-06,21.8,17.5,19.5,21.9,17.6,3.3,3.3,0.0,9.0,82,14.8,30.2,9.72
2024-06-07,24.6,17.4,21.0,26.4,18.8,1.0,1.0,0.0,5.0,83,16.1,33.5,15.69
2024-06-08,28.8,17.8,23.6,31.1,20.1,0.0,0.0,0.0,0.0,79,14.3,30.6,21.9
2024-06-09,29.1,21.2,24.5,32.8,24.1,0.1,0.1,0.0,1.0,76,12.4,27.0,20.49
2024-06-10,23.5,20.0,21.3,26.7,20.8,24.6,24.6,0.0,19.0,89,20.7,40.7,6.56
2024-06-11,26.8,19.8,23.0,30.1,21.6,1.4,1.4,0.0,7.0,88,14.9,30.2,13.66
2024-06-12,30.2,20.9,24.5,35.1,24.3,2.4,2.4,0.0,6.0,87,11.6,22.7,15.67
2024-06-13,30.2,20.6,25.2,36.5,24.3,0.0,0.0,0.0,0.0,83,14.4,30.2,23.44
2024-06-14,30.5,22.2,25.7,36.2,25.6,0.0,0.0,0.0,0.0,83,16.9,34.6,22.17
2024-06-15,31.8,22.2,26.2,38.4,26.4,0.3,0.3,0.0,2.0,83,12.0,26.6,23.05
2024-06-16,29.6,22.1,25.3,34.0,26.2,1.0,1.0,0.0,2.0,85,20.1,38.9,23.9
2024-06-17,26.2,21.0,23.3,27.9,23.3,3.6,3.6,0.0,7.0,79,16.6,35.6,19.35
2024-06-18,28.4,19.1,23.9,30.5,21.1,2.0,2.0,0.0,2.0,75,19.9,41.0,25.99
2024-06-19,27.0,21.9,24.4,32.2,24.5,27.6,27.6,0.0,21.0,92,12.6,28.4,7.65
2024-06-20,28.4,24.5,25.7,32.9,29.0,39.4,39.4,0.0,18.0,93,16.8,36.7,8.78
2024-06-21,31.7,24.9,27.7,37.7,29.8,14.3,14.3,0.0,9.0,88,12.7,30.6,13.02
2024-06-22,33.2,26.2,29.4,38.9,31.6,13.7,13.7,0.0,6.0,81,17.4,38.2,13.77
2024-06-23,27.0,20.5,23.5,32.0,22.8,44.2,44.2,0.0,24.0,91,18.8,36.0,3.07
2024-06-24,26.5,21.8,23.8,31.7,25.6,41.8,41.8,0.0,23.0,94,11.3,20.2,4.63
2024-06-25,22.0,21.0,21.5,25.6,23.6,67.4,67.4,0.0,23.0,93,11.5,20.5,3.49
2024-06-26,25.9,21.2,23.3,29.6,23.1,69.5,69.5,0.0,24.0,93,21.3,45.0,6.03
2024-06-27,24.3,22.9,23.5,29.2,26.8,33.6,33.6,0.0,24.0,95,10.2,24.5,3.82
2024-06-28,26.5,23.1,24.7,31.6,27.7,21.1,21.1,0.0,24.0,94,16.6,33.8,6.36
2024-06-29,32.2,24.7,28.2,37.1,28.8,9.3,9.3,0.0,8.0,82,19.8,35.6,9.62
2024-06-30,27.7,25.4,26.6,34.5,29.8,28.8,28.8,0.0,22.0,91,15.5,30.6,4.79
2024-07-01,30.4,24.9,27.2,37.1,30.3,19.1,19.1,0.0,21.0,92,12.0,25.6,8.98
2024-07-02,34.5,25.5,29.7,38.4,30.9,0.3,0.3,0.0,2.0,78,26.9,53.6,21.83
2024-07-03,34.3,24.0,28.6,41.3,29.7,11.2,11.2,0.0,5.0,84,13.0,32.0,23.91
2024-07-04,35.3,26.2,30.8,41.8,32.0,0.0,0.0,0.0,0.0,74,19.5,41.4,25.92
2024-07-05,36.3,25.8,31.5,43.3,30.6,0.0,0.0,0.0,0.0,70,14.2,29.9,25.94
2024-07-06,36.2,28.6,32.2,42.7,32.8,0.0,0.0,0.0,0.0,67,16.4,34.2,25.83
2024-07-07,36.5,28.5,32.4,42.6,33.5,0.0,0.0,0.0,0.0,67,13.7,29.2,25.1
2024-07-08,36.2,29.5,32.6,41.8,34.4,0.0,0.0,0.0,0.0,66,17.1,36.7,24.46
2024-07-09,35.0,28.6,31.6,39.9,33.2,0.0,0.0,0.0,0.0,67,15.0,32.0,18.11
2024-07-10,33.7,26.6,30.1,38.9,32.4,0.6,0.6,0.0,5.0,77,14.8,29.9,13.64
2024-07-11,31.5,25.5,27.4,38.5,31.2,3.7,3.7,0.0,9.0,89,15.0,43.6,12.27
2024-07-12,29.2,24.3,26.3,35.3,29.3,17.3,17.3,0.0,8.0,93,10.7,26.3,6.73
2024-07-13,31.9,25.8,27.7,38.9,30.9,24.4,24.4,0.0,16.0,92,13.0,27.7,8.47
2024-07-14,31.8,26.3,28.6,39.5,32.5,1.8,1.8,0.0,9.0,87,11.4,27.7,13.71
2024-07-15,33.8,26.3,29.7,40.9,31.9,0.5,0.5,0.0,4.0,82,10.0,23.8,15.29
2024-07-16,36.7,27.8,31.7,42.2,32.5,0.0,0.0,0.0,0.0,65,17.7,36.0,25.62
2024-07-17,35.0,26.9,31.0,40.8,31.0,0.0,0.0,0.0,0.0,68,14.4,31.0,18.3
2024-07-18,36.7,28.5,32.1,42.3,33.4,0.0,0.0,0.0,0.0,65,19.0,40.0,22.03
2024-07-19,37.3,28.8,32.5,43.0,34.2,0.7,0.7,0.0,2.0,65,13.8,33.5,21.41
2024-07-20,38.3,29.0,33.1,44.0,33.9,0.3,0.3,0.0,1.0,64,13.2,30.2,22.69
2024-07-21,37.5,29.0,32.8,44.8,34.0,0.0,0.0,0.0,0.0,66,16.9,30.6,19.79
2024-07-22,39.6,29.0,33.7,45.7,33.0,0.0,0.0,0.0,0.0,57,18.6,33.5,25.37
2024-07-23,38.0,28.2,32.5,43.5,31.8,0.0,0.0,0.0,0.0,61,20.6,38.9,25.92
2024-07-24,34.0,28.1,30.8,39.1,33.6,0.0,0.0,0.0,0.0,72,26.8,54.0,24.77
2024-07-25,32.5,27.5,30.0,35.1,30.6,1.5,1.5,0.0,5.0,75,31.0,63.0,17.99
2024-07-26,30.5,27.4,28.7,33.6,30.3,4.6,4.6,0.0,16.0,82,33.4,64.4,10.18
2024-07-27,34.1,27.8,30.7,35.7,30.1,0.8,0.8,0.0,3.0,70,34.0,66.6,15.93
2024-07-28,35.9,28.9,31.9,39.3,31.8,0.3,0.3,0.0,1.0,63,26.9,57.2,24.93
2024-07-29,37.0,27.1,31.9,42.2,31.0,0.0,0.0,0.0,0.0,62,17.9,32.8,25.53
2024-07-30,37.3,27.6,32.2,42.8,32.7,0.0,0.0,0.0,0.0,64,21.5,44.6,24.62
2024-07-31,39.5,28.8,33.6,45.4,32.9,0.0,0.0,0.0,0.0,59,16.2,30.2,24.9
2024-08-01,38.6,30.9,34.9,43.4,35.4,0.0,0.0,0.0,0.0,51,15.6,34.2,24.38
2024-08-02,39.3,30.8,35.0,44.6,35.0,0.6,0.6,0.0,2.0,51,13.1,26.3,23.36
2024-08-03,40.2,28.5,34.2,47.6,33.8,6.6,6.6,0.0,3.0,60,19.9,39.2,22.67
2024-08-04,40.3,28.6,33.7,48.1,34.6,0.1,0.1,0.0,1.0,61,13.5,30.6,22.63
2024-08-05,38.8,28.5,33.0,44.7,33.6,0.0,0.0,0.0,0.0,60,14.8,33.1,23.17
2024-08-06,38.2,27.5,32.3,43.2,32.7,0.0,0.0,0.0,0.0,63,20.5,41.4,25.14
2024-08-07,38.6,28.4,32.7,44.8,33.6,0.0,0.0,0.0,0.0,64,19.1,38.9,24.91
2024-08-08,40.3,28.7,33.3,45.7,34.1,0.1,0.1,0.0,1.0,62,14.3,28.1,24.19
2024-08-09,40.2,27.6,33.4,47.2,34.0,0.0,0.0,0.0,0.0,64,12.7,29.5,23.04
2024-08-10,39.8,29.5,33.7,46.9,35.0,1.0,1.0,0.0,3.0,61,16.9,38.2,22.36
2024-08-11,40.0,27.9,32.8,44.8,34.1,1.5,1.5,0.0,6.0,66,15.1,29.9,22.74
2024-08-12,38.2,26.0,31.0,45.6,31.5,20.0,20.0,0.0,6.0,76,20.4,41.0,22.14
2024-08-13,35.3,25.9,30.2,41.5,32.1,0.1,0.1,0.0,1.0,76,14.4,33.8,22.61
2024-08-14,34.6,26.5,30.2,38.4,31.9,0.5,0.5,0.0,3.0,69,17.6,32.4,21.83
2024-08-15,33.8,25.5,29.5,38.7,31.1,1.1,1.1,0.0,5.0,73,12.4,28.4,22.4
2024-08-16,34.8,25.9,29.8,40.5,31.2,4.1,4.1,0.0,4.0,74,13.8,32.0,21.93
2024-08-17,34.8,26.0,30.3,40.0,31.1,0.0,0.0,0.0,0.0,68,18.4,38.2,23.44
2024-08-18,34.2,27.4,30.8,39.5,32.4,0.6,0.6,0.0,4.0,67,19.3,40.0,21.45
2024-08-19,35.8,27.9,31.0,40.3,33.3,5.3,5.3,0.0,4.0,69,18.9,46.1,21.67
2024-08-20,37.0,27.5,31.1,43.6,33.5,26.2,26.2,0.0,6.0,72,12.3,27.0,21.73
2024-08-21,34.5,26.2,29.3,39.9,32.5,7.6,7.6,0.0,12.0,82,18.3,39.6,19.2
2024-08-22,34.7,25.8,30.2,40.4,31.6,0.0,0.0,0.0,0.0,72,12.0,21.2,20.73
2024-08-23,37.0,26.5,31.2,42.7,32.2,0.0,0.0,0.0,0.0,66,15.5,32.4,23.12
2024-08-24,36.7,26.1,30.7,42.9,31.9,0.0,0.0,0.0,0.0,74,15.4,29.9,23.12
2024-08-25,36.0,26.6,31.1,42.2,33.0,0.1,0.1,0.0,1.0,72,15.9,31.7,22.56
2024-08-26,37.4,27.4,31.7,43.3,32.4,0.0,0.0,0.0,0.0,64,17.9,35.6,22.88
2024-08-27,36.2,25.4,29.7,41.6,30.6,33.2,33.2,0.0,12.0,76,13.7,33.1,13.5
2024-08-28,31.1,24.7,27.0,36.5,29.5,20.0,20.0,0.0,15.0,84,12.4,25.9,14.53
2024-08-29,31.6,25.5,28.1,37.8,31.4,2.9,2.9,0.0,7.0,85,10.0,21.6,17.38
2024-08-30,33.7,25.0,29.3,40.2,30.8,0.0,0.0,0.0,0.0,78,12.7,23.0,22.32
2024-08-31,33.4,26.3,29.7,40.2,31.8,0.2,0.2,0.0,2.0,74,13.5,27.7,21.31
2024-09-01,35.0,27.0,30.5,43.3,32.1,0.0,0.0,0.0,0.0,76,13.0,27.0,21.56
2024-09-02,36.0,27.5,30.7,44.0,34.1,1.2,1.2,0.0,5.0,79,11.8,33.1,20.96
2024-09-03,31.5,26.5,28.7,37.1,31.4,0.5,0.5,0.0,5.0,80,13.0,29.2,15.69
2024-09-04,33.0,26.0,29.2,38.3,30.6,0.6,0.6,0.0,4.0,74,15.7,30.2,21.09
2024-09-05,33.5,26.1,29.4,39.7,30.8,0.0,0.0,0.0,0.0,72,14.8,29.5,22.49
2024-09-06,32.8,25.5,29.0,36.7,30.2,0.0,0.0,0.0,0.0,72,16.4,33.8,21.36
2024-09-07,32.8,25.2,29.0,37.1,29.9,0.0,0.0,0.0,0.0,71,15.1,30.6,21.69
2024-09-08,33.0,25.7,28.9,38.0,30.8,0.9,0.9,0.0,4.0,76,16.7,34.6,20.95
2024-09-09,33.2,26.2,29.2,38.0,31.3,0.2,0.2,0.0,2.0,76,17.3,35.6,21.33
2024-09-10,31.0,24.9,27.2,34.5,29.1,39.9,39.9,0.0,10.0,84,17.0,33.8,8.52
2024-09-11,30.5,25.1,27.2,36.1,30.4,44.7,44.7,0.0,19.0,92,14.4,32.0,11.18
2024-09-12,32.7,26.1,28.8,39.3,31.8,0.7,0.7,0.0,5.0,84,17.0,34.2,18.96
2024-09-13,32.6,25.8,28.7,39.0,31.3,0.0,0.0,0.0,0.0,80,14.9,30.2,21.87
2024-09-14,32.1,24.9,28.2,37.4,30.3,0.3,0.3,0.0,3.0,80,11.0,23.4,17.93
2024-09-15,32.3,25.1,28.3,35.8,29.5,5.4,5.4,0.0,5.0,78,22.9,43.2,18.55
2024-09-16,27.3,25.1,26.3,31.6,25.3,41.5,41.5,0.0,20.0,91,39.6,75.6,2.36
2024-09-17,32.2,26.9,28.9,37.3,31.0,0.0,0.0,0.0,0.0,81,23.4,45.4,19.98
2024-09-18,31.4,25.6,28.1,35.5,30.8,1.1,1.1,0.0,6.0,80,19.1,40.3,19.38
2024-09-19,30.3,26.0,27.8,34.9,31.0,7.9,7.9,0.0,17.0,86,19.1,45.0,10.29
2024-09-20,31.9,25.8,27.7,38.3,31.5,13.0,13.0,0.0,14.0,90,15.8,35.3,11.13
2024-09-21,27.8,22.1,25.7,33.8,21.6,6.6,6.6,0.0,8.0,81,23.1,46.8,11.47
2024-09-22,24.9,20.0,22.4,24.6,19.0,0.0,0.0,0.0,0.0,65,24.2,49.7,14.52
2024-09-23,25.9,17.8,21.6,27.1,17.0,0.1,0.1,0.0,1.0,70,14.1,29.5,16.02
2024-09-24,23.9,20.4,21.8,25.8,22.1,0.7,0.7,0.0,4.0,79,8.6,19.8,6.31
2024-09-25,25.6,20.5,22.8,29.3,23.3,0.4,0.4,0.0,3.0,86,7.0,15.8,6.91
2024-09-26,28.2,21.1,24.4,31.3,24.5,0.1,0.1,0.0,1.0,86,13.0,27.7,10.75
2024-09-27,27.0,21.1,23.9,29.5,23.6,8.9,8.9,0.0,11.0,86,15.1,31.3,12.49
2024-09-28,28.4,19.8,23.5,30.7,22.0,0.0,0.0,0.0,0.0,79,16.5,32.8,18.42
2024-09-29,29.2,21.6,25.3,32.1,24.4,0.8,0.8,0.0,2.0,81,19.5,38.5,16.98
2024-09-30,29.0,24.0,26.2,32.9,28.3,1.6,1.6,0.0,7.0,84,17.7,37.1,16.44
2024-10-01,24.8,19.8,22.8,29.7,18.6,8.1,8.1,0.0,7.0,81,25.5,51.1,10.98
2024-10-02,22.8,16.1,19.6,21.5,14.1,0.0,0.0,0.0,0.0,58,20.9,43.2,19.1
2024-10-03,22.9,15.1,18.3,21.3,13.0,0.0,0.0,0.0,0.0,59,21.3,43.9,17.95
2024-10-04,24.5,14.1,19.1,23.8,12.6,0.0,0.0,0.0,0.0,64,16.6,35.3,16.51
2024-10-05,24.1,18.5,21.0,25.7,17.5,16.2,16.2,0.0,10.0,81,16.3,34.6,6.22
2024-10-06,21.5,18.6,19.6,22.7,19.7,22.6,22.6,0.0,20.0,90,14.3,29.5,4.46
2024-10-07,21.1,16.5,18.5,21.2,16.8,1.9,1.9,0.0,10.0,87,16.6,32.8,4.36
2024-10-08,21.9,15.7,17.9,21.5,14.8,2.2,2.2,0.0,5.0,77,17.1,36.0,14.86
2024-10-09,21.8,12.6,16.9,22.7,11.9,0.0,0.0,0.0,0.0,75,8.7,21.2,16.66
2024-10-10,23.1,11.0,17.1,24.4,9.5,0.0,0.0,0.0,0.0,75,8.5,19.1,18.08
2024-10-11,25.0,13.8,19.1,26.2,13.6,0.0,0.0,0.0,0.0,76,7.8,17.3,18.37
2024-10-12,25.0,15.6,20.4,25.1,15.9,0.0,0.0,0.0,0.0,77,15.0,32.0,15.98
2024-10-13,26.4,19.5,22.8,27.5,21.8,0.1,0.1,0.0,1.0,79,18.5,37.1,10.65
2024-10-14,27.4,20.3,23.6,31.5,23.1,1.4,1.4,0.0,8.0,82,11.7,23.8,15.3
2024-10-15,22.8,19.8,21.0,25.3,22.1,13.1,13.1,0.0,16.0,93,13.6,28.4,5.14
2024-10-16,24.1,19.5,21.1,25.6,21.8,17.2,17.2,0.0,19.0,92,16.2,33.1,5.88
2024-10-17,26.4,20.1,22.8,28.3,22.3,0.8,0.8,0.0,6.0,88,17.8,36.4,13.72
2024-10-18,30.1,21.3,25.0,34.2,24.1,8.3,8.3,0.0,5.0,85,12.8,25.6,14.71
2024-10-19,22.2,16.6,19.7,23.0,14.7,0.1,0.1,0.0,1.0,75,24.6,51.1,4.83
2024-10-20,21.0,15.0,17.7,20.9,13.8,1.2,1.2,0.0,2.0,72,15.1,34.2,10.1
2024-10-21,22.5,17.6,19.4,24.7,18.2,0.1,0.1,0.0,1.0,81,10.1,22.0,7.69
2024-10-22,20.5,16.1,18.8,20.8,13.5,0.0,0.0,0.0,0.0,80,22.7,46.4,8.74
2024-10-23,19.0,11.1,14.9,17.6,9.4,0.0,0.0,0.0,0.0,71,20.9,40.0,16.45
2024-10-24,21.0,11.2,15.6,19.9,9.5,0.0,0.0,0.0,0.0,73,16.5,34.9,15.18
2024-10-25,24.8,13.6,19.0,24.4,12.7,1.3,1.3,0.0,7.0,80,19.7,40.0,9.05
2024-10-26,24.6,20.0,22.0,27.4,20.5,12.5,12.5,0.0,23.0,94,18.6,35.6,4.73
2024-10-27,21.4,17.2,19.5,25.6,16.2,8.5,8.5,0.0,16.0,89,20.2,43.6,3.14
2024-10-28,20.0,13.6,17.1,18.8,13.2,2.0,2.0,0.0,5.0,80,16.7,34.6,9.59
2024-10-29,19.4,10.9,15.2,17.9,10.1,0.0,0.0,0.0,0.0,77,13.8,29.9,14.45
2024-10-30,21.5,12.6,17.1,21.0,11.7,0.0,0.0,0.0,0.0,77,16.5,34.6,7.54
2024-10-31,22.3,15.6,18.5,22.7,15.0,30.4,30.4,0.0,15.0,87,19.8,42.8,6.07
2024-11-01,19.0,17.0,18.0,19.1,14.5,120.7,120.7,0.0,23.0,93,34.4,65.2,1.89
2024-11-02,20.8,15.1,17.4,20.2,13.6,0.2,0.2,0.0,2.0,78,23.2,44.6,12.33
2024-11-03,22.4,12.6,16.9,23.8,12.2,0.0,0.0,0.0,0.0,86,7.4,15.1,14.41
2024-11-04,22.2,13.6,17.4,22.3,13.9,0.0,0.0,0.0,0.0,81,15.6,29.2,13.98
2024-11-05,18.7,11.4,15.2,16.8,9.8,0.0,0.0,0.0,0.0,73,15.7,33.5,13.51
2024-11-06,17.8,9.2,13.1,15.6,7.4,0.0,0.0,0.0,0.0,70,13.1,27.7,14.84
2024-11-07,18.0,9.1,13.4,16.1,6.8,0.0,0.0,0.0,0.0,68,13.2,28.4,11.21
2024-11-08,20.8,9.8,15.3,20.0,8.2,0.0,0.0,0.0,0.0,75,11.6,24.1,12.42
2024-11-09,22.5,15.2,18.8,21.8,14.4,0.2,0.2,0.0,2.0,78,18.7,37.4,11.01
2024-11-10,19.4,14.4,17.1,19.6,14.2,2.6,2.6,0.0,9.0,88,12.4,26.6,4.78
2024-11-11,20.7,12.2,15.8,20.6,12.0,0.0,0.0,0.0,0.0,85,9.9,22.7,12.88
2024-11-12,20.4,12.3,16.1,19.6,11.9,0.0,0.0,0.0,0.0,83,13.7,30.2,13.61
2024-11-13,22.5,14.4,18.3,21.6,14.1,0.0,0.0,0.0,0.0,81,19.2,40.3,11.44
2024-11-14,22.7,17.5,19.8,24.7,17.9,5.7,5.7,0.0,12.0,89,11.7,25.6,6.48
2024-11-15,24.6,18.6,20.7,26.7,20.9,3.1,3.1,0.0,14.0,93,13.6,27.4,6.42
2024-11-16,24.3,18.4,20.8,25.8,18.8,2.7,2.7,0.0,13.0,88,14.4,28.8,9.47
2024-11-17,18.2,14.0,16.4,18.7,11.3,1.7,1.7,0.0,6.0,77,22.8,51.1,3.03
2024-11-18,15.2,11.9,13.6,11.6,8.9,0.0,0.0,0.0,0.0,60,20.5,43.6,6.63
2024-11-19,16.0,10.6,12.7,13.7,7.3,0.0,0.0,0.0,0.0,66,15.9,31.3,6.76
2024-11-20,16.2,9.3,12.3,14.1,7.1,0.0,0.0,0.0,0.0,70,12.2,24.8,9.01
2024-11-21,15.5,9.4,11.7,12.6,7.6,0.0,0.0,0.0,0.0,70,13.2,29.5,7.24
2024-11-22,17.1,7.8,11.9,14.4,5.8,0.0,0.0,0.0,0.0,72,13.5,27.0,12.14
2024-11-23,16.2,8.5,12.2,13.8,5.9,0.0,0.0,0.0,0.0,65,13.1,28.8,13.11
2024-11-24,17.8,8.8,13.3,15.1,6.1,0.2,0.2,0.0,1.0,68,14.6,32.0,10.91
2024-11-25,17.9,10.1,14.5,17.6,6.4,10.0,10.0,0.0,11.0,82,24.8,49.0,3.84
2024-11-26,11.6,6.7,9.2,6.2,2.4,2.6,2.6,0.0,4.0,56,24.2,54.0,13.42
2024-11-27,13.4,4.6,8.6,7.8,0.9,0.0,0.0,0.0,0.0,46,29.1,61.9,12.71
2024-11-28,15.1,3.9,8.7,8.9,-0.7,0.0,0.0,0.0,0.0,41,28.4,62.6,13.38
2024-11-29,15.2,4.1,9.1,10.4,-0.5,0.0,0.0,0.0,0.0,43,17.7,39.2,13.23
2024-11-30,16.8,3.5,9.5,14.3,0.7,0.0,0.0,0.0,0.0,63,11.4,20.5,13.05
2024-12-01,18.7,5.8,11.5,15.8,2.6,0.0,0.0,0.0,0.0,64,10.2,25.9,12.91
2024-12-02,20.6,6.4,12.4,18.8,4.1,0.0,0.0,0.0,0.0,69,10.7,21.6,12.74
2024-12-03,17.8,7.7,11.8,16.4,5.6,0.1,0.1,0.0,1.0,82,13.8,28.1,7.69
2024-12-04,14.9,7.5,11.4,13.1,5.1,0.0,0.0,0.0,0.0,74,11.2,22.3,5.3
2024-12-05,11.6,8.6,9.9,9.3,6.6,2.0,2.0,0.0,6.0,79,12.4,25.6,3.17
2024-12-06,13.6,6.7,9.3,10.8,4.5,0.0,0.0,0.0,0.0,75,9.9,23.8,6.58
2024-12-07,12.8,4.8,9.0,9.3,2.3,0.0,0.0,0.0,0.0,73,17.6,35.6,9.32
2024-12-08,10.1,2.3,6.2,5.9,-1.8,0.0,0.0,0.0,0.0,55,18.0,35.3,12.04
2024-12-09,11.6,1.8,6.6,8.4,-1.8,0.0,0.0,0.0,0.0,70,11.7,25.9,10.36
2024-12-10,9.9,7.3,8.4,7.6,4.6,5.9,5.9,0.0,17.0,87,13.4,24.1,1.82
2024-12-11,8.2,5.1,7.2,5.8,1.2,10.0,10.0,0.0,16.0,88,17.5,34.2,2.09
2024-12-12,10.1,2.3,6.8,7.2,-0.5,0.2,0.2,0.0,2.0,77,14.0,30.2,4.69
2024-12-13,10.2,5.9,7.7,5.5,2.0,0.6,0.6,0.0,5.0,69,20.6,45.7,4.48
2024-12-14,7.4,2.0,4.5,1.7,-2.5,0.0,0.0,0.0,0.0,59,20.2,44.3,12.3
2024-12-15,9.6,-0.5,3.6,4.3,-4.7,0.0,0.0,0.0,0.0,54,15.6,36.0,12.59
2024-12-16,12.2,-0.8,4.8,8.6,-4.6,0.0,0.0,0.0,0.0,58,10.1,26.3,12.57
2024-12-17,13.7,-0.9,6.2,10.3,-3.9,0.0,0.0,0.0,0.0,59,10.5,20.9,12.25
2024-12-18,9.0,1.5,4.9,4.3,-2.1,0.3,0.3,0.0,3.0,71,22.9,49.0,11.39
2024-12-19,8.4,0.6,4.3,4.4,-4.2,0.0,0.0,0.0,0.0,63,14.9,34.2,8.92
2024-12-20,10.3,-0.6,4.2,6.6,-3.7,0.0,0.0,0.0,0.0,72,8.4,23.8,12.21
2024-12-21,8.0,1.1,3.9,2.2,-3.7,0.0,0.0,0.0,0.0,60,21.5,46.8,12.25
2024-12-22,7.3,-0.9,3.4,3.1,-5.5,0.0,0.0,0.0,0.0,60,13.7,28.4,9.53
2024-12-23,9.3,3.7,6.0,6.6,0.3,0.0,0.0,0.0,0.0,69,10.2,19.4,4.75
2024-12-24,11.8,4.8,7.2,9.5,1.8,0.0,0.0,0.0,0.0,70,9.2,18.0,8.73
2024-12-25,14.2,3.7,8.5,12.0,1.7,0.0,0.0,0.0,0.0,79,11.5,23.8,10.5
2024-12-26,11.6,4.0,7.3,7.4,0.8,0.0,0.0,0.0,0.0,69,12.3,29.9,11.75
2024-12-27,9.3,1.0,4.7,5.4,-2.2,0.0,0.0,0.0,0.0,72,12.7,29.2,10.68
2024-12-28,6.1,-0.6,2.5,-0.2,-5.1,0.0,0.0,0.0,0.0,53,21.4,47.2,12.8
2024-12-29,8.6,-3.5,2.4,5.1,-7.0,0.0,0.0,0.0,0.0,62,12.8,23.4,12.79
2024-12-30,13.7,1.0,6.4,9.9,-2.6,0.0,0.0,0.0,0.0,57,12.7,24.1,11.91
2024-12-31,10.6,1.5,5.3,6.6,-2.5,0.0,0.0,0.0,0.0,61,15.8,30.2,12.51
